;sp;ordre;famille;nom;nomscientific;indicateur;specialisation;especeOiseaux;nomscientific_long;shortlist
ACCGEN;ACCGEN;Accipitriformes;Accipitrides;Autour des palombes;Accipiter gentilis;FALSE;non;oui;Accipiter gentilis;TRUE
ACCNIS;ACCNIS;Accipitriformes;Accipitrides;Epervier d'Europe;Accipiter nisus;FALSE;non;oui;Accipiter nisus;TRUE
ACRAGR;ACRAGR;Passeriformes;Sylvides;Rousserolle isabelle;Acrocephalus agricola;FALSE;non;oui;Acrocephalus agricola;FALSE
ACRARU;ACRARU;Passeriformes;Sylvides;Rousserolle turdoïde;Acrocephalus arundinaceus;FALSE;non;oui;Acrocephalus arundinaceus;TRUE
ACRDUM;ACRDUM;Passeriformes;Sylvides;Rousserolle des buissons;Acrocephalus dumetorum;FALSE;non;oui;Acrocephalus dumetorum Blyth;FALSE
ACRMEL;ACRMEL;Passeriformes;Sylvides;Lusciniole a  moustaches;Acrocephalus melanopogon;FALSE;non;oui;Acrocephalus melanopogon;FALSE
ACRPAL;ACRPAL;Passeriformes;Sylvides;Phragmite aquatique;Acrocephalus paludicola;FALSE;non;oui;Acrocephalus paludicola;FALSE
ACRRIS;ACRRIS;Passeriformes;Sylvides;Rousserolle verderolle;Acrocephalus palustris;FALSE;non;oui;Acrocephalus palustris;TRUE
ACRSCH;ACRSCH;Passeriformes;Sylvides;Phragmite des joncs;Acrocephalus schoenobaenus;FALSE;non;oui;Acrocephalus schoenobaenus;TRUE
ACRSCI;ACRSCI;Passeriformes;Sylvides;Rousserolle effarvate;Acrocephalus scirpaceus;FALSE;non;oui;Acrocephalus scirpaceus;TRUE
ACTHYP;ACTHYP;Charadriiformes;Scolopacides;Chevalier guignette;Actitis hypoleucos;FALSE;non;oui;Actitis hypoleucos;TRUE
ACTMAC;ACTMAC;Charadriiformes;Scolopacides;Chevalier grivele;Actitis macularia;FALSE;non;oui;Actitis macularia;FALSE
AEGCAU;AEGCAU;Passeriformes;Aagithalides;Mesange a  longue queue;Aegithalos caudatus;FALSE;non;oui;Aegithalos caudatus;TRUE
AEGFUN;AEGFUN;Strigiformes;Strigides;Chouette de Tengmalm;Aegolius funereus;FALSE;non;oui;Aegolius funereus;FALSE
AEGMON;AEGMON;Accipitriformes;Accipitrides;Vautour moine;Aegypius monachus;FALSE;non;oui;Aegypius monachus;FALSE
AGAROS;AGAROS;Psittaciformes;Psittacides;Inseparable rosegorge;Agapornis roseicollis;FALSE;non;oui;Agapornis roseicollis;FALSE
AIXGAL;AIXGAL;Anseriformes;Anatides;Canard mandarin;Aix galericulata;FALSE;non;oui;Aix galericulata;FALSE
AIXSPO;AIXSPO;Anseriformes;Anatides;Canard carolin;Aix sponsa;FALSE;non;oui;Aix sponsa;FALSE
ALAARV;ALAARV;Passeriformes;Alaudides;Alouette des champs;Alauda arvensis;TRUE;milieux agricoles;oui;Alauda arvensis;TRUE
ALCATT;ALCATT;Coraciiformes;Alcedinides;Martin-pecheur d'Europe;Alcedo atthis;FALSE;non;oui;Alcedo atthis;TRUE
ALCTOR;ALCTOR;Charadriiformes;Alcides;Pingouin torda;Alca torda;FALSE;non;oui;Alca torda;FALSE
ALEBAR;ALEBAR;Galliformes;Phasianides;Perdrix gambra;Alectoris barbara;FALSE;non;oui;Alectoris barbara;FALSE
ALECHU;ALECHU;Galliformes;Phasianides;Perdrix choukar;Alectoris chukar;FALSE;non;oui;Alectoris chukar;FALSE
ALEGRA;ALEGRA;Galliformes;Phasianides;Perdrix bartavelle;Alectoris graeca;FALSE;non;oui;Alectoris graeca;FALSE
ALERUF;ALERUF;Galliformes;Phasianides;Perdrix rouge;Alectoris rufa;TRUE;milieux agricoles;oui;Alectoris rufa;TRUE
ALLALL;ALLALL;Charadriiformes;Alcides;Mergule nain;Alle alle;FALSE;non;oui;Alle alle;FALSE
ALOAEG;ALOAEG;Anseriformes;Anatides;Ouette d'Egypte;Alopochen aegyptiacus;FALSE;non;oui;Alopochen aegyptiacus;FALSE
ANAACU;ANAACU;Anseriformes;Anatides;Canard pilet;Anas acuta;FALSE;non;oui;Anas acuta;FALSE
ANAAME;ANAAME;Anseriformes;Anatides;Canard a  front blanc;Anas americana;FALSE;non;oui;Anas americana Gmelin;FALSE
ANACLY;ANACLY;Anseriformes;Anatides;Canard souchet;Anas clypeata;FALSE;non;oui;Anas clypeata;FALSE
ANACRE;ANACRE;Anseriformes;Anatides;Sarcelle d'hiver;Anas crecca;FALSE;non;oui;Anas crecca;FALSE
ANADIS;ANADIS;Anseriformes;Anatides;Sarcelle a  ailes bleues;Anas discors;FALSE;non;oui;Anas discors;FALSE
ANAFOR;ANAFOR;Anseriformes;Anatides;Sarcelle elegante;Anas formosa;FALSE;non;oui;Anas formosa Georgi;FALSE
ANAPEN;ANAPEN;Anseriformes;Anatides;Canard siffleur;Anas penelope;FALSE;non;oui;Anas penelope;FALSE
ANAPLA;ANAPLA;Anseriformes;Anatides;Canard colvert;Anas platyrhynchos;FALSE;non;oui;Anas platyrhynchos;TRUE
ANAQUE;ANAQUE;Anseriformes;Anatides;Sarcelle d'ete;Anas querquedula;FALSE;non;oui;Anas querquedula;FALSE
ANARUB;ANARUB;Anseriformes;Anatides;Canard noir;Anas rubripes;FALSE;non;oui;Anas rubripes Brewster;FALSE
ANASTR;ANASTR;Anseriformes;Anatides;Canard chipeau;Anas strepera;FALSE;non;oui;Anas strepera;FALSE
ANSALB;ANSALB;Anseriformes;Anatides;Oie rieuse;Anser albifrons;FALSE;non;oui;Anser albifrons;FALSE
ANSANS;ANSANS;Anseriformes;Anatides;Oie cendree;Anser anser;FALSE;non;oui;Anser anser;FALSE
ANSBRA;ANSBRA;Anseriformes;Anatides;Oie a  bec court;Anser brachyrhynchus;FALSE;non;oui;Anser brachyrhynchus Baillon;FALSE
ANSCAE;ANSCAE;Anseriformes;Anatides;Oie des neiges;Anser caerulescens;FALSE;non;oui;Anser caerulescens;FALSE
ANSERY;ANSERY;Anseriformes;Anatides;Oie naine;Anser erythropus;FALSE;non;oui;Anser erythropus;FALSE
ANSFAB;ANSFAB;Anseriformes;Anatides;Oie des moissons;Anser fabalis;FALSE;non;oui;Anser fabalis;FALSE
ANSIND;ANSIND;Anatides;Anatides;Oie a  tete barree;Anser indicus;FALSE;non;oui;Anser indicus;FALSE
ANTCAM;ANTCAM;Passeriformes;Motacillides;Pipit rousseline;Anthus campestris;TRUE;milieux agricoles;oui;Anthus campestris;TRUE
ANTCER;ANTCER;Passeriformes;Motacillides;Pipit a  gorge rousse;Anthus cervinus;FALSE;non;oui;Anthus cervinus;FALSE
ANTGUS;ANTGUS;Passeriformes;Motacillides;Pipit de la Petchora;Anthus gustavi;FALSE;non;oui;Anthus gustavi Swinhoe;FALSE
ANTHOD;ANTHOD;Passeriformes;Motacillides;Pipit a  dos olive;Anthus hodgsoni;FALSE;non;oui;Anthus hodgsoni Richmond;FALSE
ANTPET;ANTPET;Passeriformes;Motacillides;Pipit maritime;Anthus petrosus;FALSE;non;oui;Anthus petrosus;FALSE
ANTPRA;ANTPRA;Passeriformes;Motacillides;Pipit farlouse;Anthus pratensis;TRUE;milieux agricoles;oui;Anthus pratensis;TRUE
ANTRIC;ANTRIC;Passeriformes;Motacillides;Pipit de Richard;Anthus richardi;FALSE;non;oui;Anthus richardi Vieillot;FALSE
ANTSPI;ANTSPI;Passeriformes;Motacillides;Pipit spioncelle;Anthus spinoletta;FALSE;non;oui;Anthus spinoletta;TRUE
ANTTRI;ANTTRI;Passeriformes;Motacillides;Pipit des arbres;Anthus trivialis;FALSE;non;oui;Anthus trivialis;TRUE
APUAPU;APUAPU;Apodiformes;Apodides;Martinet noir;Apus apus;TRUE;milieux batis;oui;Apus apus;TRUE
APUCAF;APUCAF;Apodiformes;Apodides;Martinet cafre;Apus caffer;FALSE;non;oui;Apus caffer;FALSE
APUMEL;APUMEL;Apodiformes;Apodides;Martinet a  ventre blanc;Apus melba;FALSE;non;oui;Apus melba;TRUE
APUPAL;APUPAL;Apodiformes;Apodides;Martinet pale;Apus pallidus;FALSE;non;oui;Apus pallidus;FALSE
AQUADA;AQUADA;Accipitriformes;Accipitrides;Aigle iberique;Aquila adalberti;FALSE;non;oui;Aquila adalbert;FALSE
AQUCHR;AQUCHR;Accipitriformes;Accipitrides;Aigle royal;Aquila chrysaetos;FALSE;non;oui;Aquila chrysaetos;FALSE
AQUCLA;AQUCLA;Accipitriformes;Accipitrides;Aigle criard;Aquila clanga;FALSE;non;oui;Aquila clang;FALSE
AQUHEL;AQUHEL;Accipitriformes;Accipitrides;Aigle imperial;Aquila heliaca;FALSE;non;oui;Aquila heliaca;FALSE
AQUNIP;AQUNIP;Accipitriformes;Accipitrides;Aigle des steppes;Aquila nipalensis;FALSE;non;oui;Aquila nipalensis;FALSE
AQUPOM;AQUPOM;Accipitriformes;Accipitrides;Aigle pomarin;Aquila pomarina;FALSE;non;oui;Aquila pomarina;FALSE
ARDCIN;ARDCIN;Ciconiiformes;Ardeides;Heron cendre;Ardea cinerea;FALSE;non;oui;Ardea cinerea;TRUE
ARDMEL;ARDMEL;Ciconiiformes;Ardeides;Heron melanocephale;Ardea melanocephala;FALSE;non;oui;Ardea melanocephala Vig. et Ch.;FALSE
ARDPUR;ARDPUR;Ciconiiformes;Ardeides;Heron pourpre;Ardea purpurea;FALSE;non;oui;Ardea purpurea;TRUE
ARDRAL;ARDRAL;Ciconiiformes;Ardeides;Crabier chevelu;Ardeola ralloides;FALSE;non;oui;Ardeola ralloides;FALSE
AREINT;AREINT;Charadriiformes;Scolopacides;Tournepierre a  collier;Arenaria interpres;FALSE;non;oui;Arenaria interpres;FALSE
ASIFLA;ASIFLA;Strigiformes;Strigides;Hibou des marais;Asio flammeus;FALSE;non;oui;Asio flammeus;FALSE
ASIOTU;ASIOTU;Strigiformes;Strigides;Hibou moyen-duc;Asio otus;FALSE;non;oui;Asio otus;FALSE
ATHNOC;ATHNOC;Strigiformes;Strigides;Cheveche d'Athena;Athene noctua;FALSE;non;oui;Athene noctua;TRUE
AYTAFF;AYTAFF;Anseriformes;Anatides;Fuligule a  tete noire;Aythya affinis;FALSE;non;oui;Aythya affinis;FALSE
AYTCOL;AYTCOL;Anseriformes;Anatides;Fuligule a  bec cercle;Aythya collaris;FALSE;non;oui;Aythya collaris;FALSE
AYTFER;AYTFER;Anseriformes;Anatides;Fuligule milouin;Aythya ferina;FALSE;non;oui;Aythya ferina;FALSE
AYTFUL;AYTFUL;Anseriformes;Anatides;Fuligule morillon;Aythya fuligula;FALSE;non;oui;Aythya fuligula;FALSE
AYTMAR;AYTMAR;Anseriformes;Anatides;Fuligule milouinan;Aythya marila;FALSE;non;oui;Aythya marila;FALSE
AYTNYR;AYTNYR;Anseriformes;Anatides;Fuligule nyroca;Aythya nyroca;FALSE;non;oui;Aythya nyroca;FALSE
BARLON;BARLON;Charadriiformes;Scolopacides;Bartramie des champs;Bartramia longicauda;FALSE;non;oui;Bartramia longicauda;FALSE
BOMGAR;BOMGAR;Passeriformes;Bombycillides;Jaseur boreal;Bombycilla garrulus;FALSE;non;oui;Bombycilla garrulus;FALSE
BONBON;BONBON;Galliformes;Tetraonides;Gelinotte des bois;Bonasa bonasia;FALSE;non;oui;Bonasa bonasia;FALSE
BOTSTE;BOTSTE;Ciconiiformes;Ardeides;Butor etoile;Botaurus stellaris;FALSE;non;oui;Botaurus stellaris;FALSE
BRABER;BRABER;Anseriformes;Anatides;Bernache cravant;Branta bernicla;FALSE;non;oui;Branta bernicla;FALSE
BRACAN;BRACAN;Anseriformes;Anatides;Bernache du Canada;Branta canadensis;FALSE;non;oui;Branta canadensis;FALSE
BRALEU;BRALEU;Anseriformes;Anatides;Bernache nonnette;Branta leucopsis;FALSE;non;oui;Branta leucopsis;FALSE
BRARUF;BRARUF;Anseriformes;Anatides;Bernache a  cou roux;Branta ruficollis;FALSE;non;oui;Branta ruficollis;FALSE
BUBBUB;BUBBUB;Strigiformes;Strigides;Grand-duc d'Europe;Bubo bubo;FALSE;non;oui;Bubo bubo;FALSE
BUBIBI;BUBIBI;Ciconiiformes;Ardeides;Heron garde-boeufs;Bubulcus ibis;FALSE;non;oui;Bubulcus ibis;TRUE
BUCCLA;BUCCLA;Anseriformes;Anatides;Garrot a  oeil d'or;Bucephala clangula;FALSE;non;oui;Bucephala clangula;FALSE
BUCISL;BUCISL;Anseriformes;Anatides;Garrot d'Islande;Bucephala islandica;FALSE;non;oui;Bucephala islandica;FALSE
BULBUL;BULBUL;Procellariiformes;Procellariides;Petrel de Bulwer;Bulweria bulwerii;FALSE;non;oui;Bulweria bulwerii;FALSE
BUROED;BUROED;Charadriiformes;Burhinides;Oedicneme criard;Burhinus oedicnemus;FALSE;non;oui;Burhinus oedicnemus;TRUE
BUTBUT;BUTBUT;Accipitriformes;Accipitrides;Buse variable;Buteo buteo;TRUE;milieux agricoles;oui;Buteo buteo;TRUE
BUTLAG;BUTLAG;Accipitriformes;Accipitrides;Buse pattue;Buteo lagopus;FALSE;non;oui;Buteo lagopus;FALSE
BUTRUF;BUTRUF;Accipitriformes;Accipitrides;Buse feroce;Buteo rufinus;FALSE;non;oui;Buteo rufinus;FALSE
BUTVIR;BUTVIR;Ciconiiformes;Ardeides;Heron vert;Butorides virescens;FALSE;non;oui;Butorides virescens;FALSE
CALACU;CALACU;Charadriiformes;Scolopacides;Becasseau a  queue pointue;Calidris acuminata;FALSE;non;oui;Calidris acuminata;FALSE
CALALB;CALALB;Charadriiformes;Scolopacides;Becasseau sanderling;Calidris alba;FALSE;non;oui;Calidris alba;FALSE
CALALP;CALALP;Charadriiformes;Scolopacides;Becasseau variable;Calidris alpina;FALSE;non;oui;Calidris alpina;FALSE
CALBAI;CALBAI;Charadriiformes;Scolopacides;Becasseau de Baird;Calidris bairdii;FALSE;non;oui;Calidris bairdii;FALSE
CALBRA;CALBRA;Passeriformes;Alaudides;Alouette calandrelle;Calandrella brachydactyla;FALSE;non;oui;Calandrella brachydactyla;FALSE
CALCAL;CALCAL;Galliformes;Phasianides;Colin de Californie;Callipepla californica;FALSE;non;oui;Callipepla californica;FALSE
CALCAN;CALCAN;Charadriiformes;Scolopacides;Becasseau maubeche;Calidris canutus;FALSE;non;oui;Calidris canutus;FALSE
CALDIO;CALDIO;Procellariiformes;Procellariides;Puffin cendre;Calonectris diomedea;FALSE;non;oui;Calonectris diomedea;FALSE
CALFER;CALFER;Charadriiformes;Scolopacides;Becasseau cocorli;Calidris ferruginea;FALSE;non;oui;Calidris ferruginea;FALSE
CALFUS;CALFUS;Charadriiformes;Scolopacides;Becasseau de Bonaparte;Calidris fuscicollis;FALSE;non;oui;Calidris fuscicollis;FALSE
CALLAP;CALLAP;Passeriformes;Emberizides;Bruant lapon;Calcarius lapponicus;FALSE;non;oui;Calcarius lapponicus;FALSE
CALLIS;CALLIS;Charadriiformes;Scolopacides;Becasseau a  cou roux;Calidris ruficollis;FALSE;non;oui;Calidris ruficollis Wagler;FALSE
CALLLA;CALLLA;Charadriiformes;Scolopacides;Becasseau minuscule;Calidris minutilla;FALSE;non;oui;Calidris minutilla;FALSE
CALMAR;CALMAR;Charadriiformes;Scolopacides;Becasseau violet;Calidris maritima;FALSE;non;oui;Calidris maritima;FALSE
CALMAU;CALMAU;Charadriiformes;Scolopacides;Becasseau d'Alaska;Calidris mauri;FALSE;non;oui;Calidris mauri;FALSE
CALMEL;CALMEL;Charadriiformes;Scolopacides;Becasseau tachete;Calidris melanotos;FALSE;non;oui;Calidris melanotos;FALSE
CALMIN;CALMIN;Charadriiformes;Scolopacides;Becasseau minute;Calidris minuta;FALSE;non;oui;Calidris minuta;FALSE
CALPUS;CALPUS;Charadriiformes;Scolopacides;Becasseau semipalme;Calidris pusilla;FALSE;non;oui;Calidris pusilla;FALSE
CALRUF;CALRUF;Passeriformes;Alaudides;Alouette pispolette;Calandrella rufescens;FALSE;non;oui;Calandrella rufescens;FALSE
CALTEM;CALTEM;Charadriiformes;Scolopacides;Becasseau de Temminck;Calidris temminckii;FALSE;non;oui;Calidris temminckii;FALSE
CAPEUR;CAPEUR;Caprimulgiformes;Caprimulgides;Engoulevent d'Europe;Caprimulgus europaeus;FALSE;non;oui;Caprimulgus europaeus;FALSE
CAPRUF;CAPRUF;Caprimulgiformes;Caprimulgides;Engoulevent a  collier roux;Caprimulgus ruficollis;FALSE;non;oui;Caprimulgus ruficollis Temminck;FALSE
CARCAN;CARCAN;Passeriformes;Fringillides;Linotte melodieuse;Carduelis cannabina;TRUE;milieux agricoles;oui;Carduelis cannabina;TRUE
CARCAR;CARCAR;Passeriformes;Fringillides;Chardonneret elegant;Carduelis carduelis;TRUE;milieux batis;oui;Carduelis carduelis;TRUE
CARCHL;CARCHL;Passeriformes;Fringillides;Verdier d'Europe;Carduelis chloris;TRUE;milieux batis;oui;Carduelis chloris;TRUE
CARERY;CARERY;Passeriformes;Fringillides;Roselin cramoisi;Carpodacus erythrinus;FALSE;non;oui;Carpodacus erythrinus Pallas;FALSE
CARFLA;CARFLA;Passeriformes;Fringillides;Sizerin flamme;Carduelis flammea;FALSE;non;oui;Carduelis flammea;FALSE
CARHOR;CARHOR;Passeriformes;Fringillides;Sizerin blanchatre;Carduelis hornemanni;FALSE;non;oui;Carduelis hornemanni;FALSE
CARRIS;CARRIS;Passeriformes;Fringillides;Linotte a  bec jaune;Carduelis flavirostris;FALSE;non;oui;Carduelis flavirostris;FALSE
CARSPI;CARSPI;Passeriformes;Fringillides;Tarin des aulnes;Carduelis spinus;FALSE;non;oui;Carduelis spinus;FALSE
CATMIN;CATMIN;Passeriformes;Turdides;Grive a  joues grises;Catharus minimus;FALSE;non;oui;Catharus minimus;FALSE
CATSEM;CATSEM;Charadriiformes;Scolopacides;Chevalier semi-palme;Catoptrophorus semipalmatus;FALSE;non;oui;Catoptrophorus semipalmatus;FALSE
CATUST;CATUST;Passeriformes;Turdides;Grive a  dos olive;Catharus ustulatus;FALSE;non;oui;Catharus ustulatus;FALSE
CEPGRY;CEPGRY;Charadriiformes;Alcides;Guillemot a  miroir;Cepphus grylle;FALSE;non;oui;Cepphus grylle;FALSE
CERBRA;CERBRA;Passeriformes;Certhiides;Grimpereau des jardins;Certhia brachydactyla;TRUE;milieux forestiers;oui;Certhia brachydactyla Brehm;TRUE
CERFAM;CERFAM;Passeriformes;Certhiides;Grimpereau des bois;Certhia familiaris;TRUE;milieux forestiers;oui;Certhia familiaris;TRUE
CERGAL;CERGAL;Passeriformes;Turdides;Agrobate roux;Cercotrichas galactotes;FALSE;non;oui;Cercotrichas galactotes;FALSE
CETCET;CETCET;Passeriformes;Sylvides;Bouscarle de Cetti;Cettia cetti;FALSE;non;oui;Cettia cetti;TRUE
CHAALE;CHAALE;Charadriiformes;Charadriides;Gravelot a  collier interrompu;Charadrius alexandrinus;FALSE;non;oui;Charadrius alexandrinus;FALSE
CHAASI;CHAASI;Charadriiformes;Charadriides;Pluvier asiatique;Charadrius asiaticus;FALSE;non;oui;Charadrius asiaticus Pallas;FALSE
CHADUB;CHADUB;Charadriiformes;Charadriides;Petit Gravelot;Charadrius dubius;FALSE;non;oui;Charadrius dubius Scopoli;TRUE
CHAHIA;CHAHIA;Charadriiformes;Charadriides;Grand Gravelot;Charadrius hiaticula;FALSE;non;oui;Charadrius hiaticula;FALSE
CHALES;CHALES;Charadriiformes;Charadriides;Gravelot de Leschenault;Charadrius leschenaultii;FALSE;non;oui;Charadrius leschenaultii Lesson;FALSE
CHAMOR;CHAMOR;Charadriiformes;Charadriides;Pluvier guignard;Eudromias morinellus;FALSE;non;oui;Eudromias morinellus;FALSE
CHAVOC;CHAVOC;Charadriiformes;Charadriides;Gravelot kildir;Charadrius vociferus;FALSE;non;oui;Charadrius vociferus;FALSE
CHEDUP;CHEDUP;Passeriformes;Alaudides;Sirli de Dupont;Chersophilus duponti;FALSE;non;oui;Chersophilus duponti;FALSE
CHEGRE;CHEGRE;Charadriiformes;Charadriides;Vanneau sociable;Chettusia gregaria;FALSE;non;oui;Chettusia gregaria;FALSE
CHELEU;CHELEU;Charadriiformes;Charadriides;Vanneau a  queue blanche;Chettusia leucura;FALSE;non;oui;Chettusia leucura;FALSE
CHLHYB;CHLHYB;Charadriiformes;Sternides;Guifette moustac;Chlidonias hybridus;FALSE;non;oui;Chlidonias hybridus;FALSE
CHLLEU;CHLLEU;Charadriiformes;Sternides;Guifette leucoptere;Chlidonias leucopterus;FALSE;non;oui;Chlidonias leucopterus;FALSE
CHLNIG;CHLNIG;Charadriiformes;Sternides;Guifette noire;Chlidonias niger;FALSE;non;oui;Chlidonias niger;FALSE
CHLUND;CHLUND;Gruiformes;Otidides;Outarde houbara;Chlamydotis undulata;FALSE;non;oui;Chlamydotis undulata;FALSE
CICCIC;CICCIC;Ciconiiformes;Ciconiides;Cigogne blanche;Ciconia ciconia;FALSE;non;oui;Ciconia ciconia;TRUE
CICNIG;CICNIG;Ciconiiformes;Ciconiides;Cigogne noire;Ciconia nigra;FALSE;non;oui;Ciconia nigra;FALSE
CINCIN;CINCIN;Passeriformes;Cinclides;Cincle plongeur;Cinclus cinclus;FALSE;non;oui;Cinclus cinclus;TRUE
CIRAER;CIRAER;Accipitriformes;Accipitrides;Busard des roseaux;Circus aeruginosus;FALSE;non;oui;Circus aeruginosus;TRUE
CIRCYA;CIRCYA;Accipitriformes;Accipitrides;Busard Saint-Martin;Circus cyaneus;FALSE;non;oui;Circus cyaneus;TRUE
CIRGAL;CIRGAL;Accipitriformes;Accipitrides;Circaete Jean-le-blanc;Circaetus gallicus;FALSE;non;oui;Circaetus gallicus;TRUE
CIRMAC;CIRMAC;Accipitriformes;Accipitrides;Busard pale;Circus macrourus;FALSE;non;oui;Circus macrourus;FALSE
CIRPYG;CIRPYG;Accipitriformes;Accipitrides;Busard cendre;Circus pygargus;FALSE;non;oui;Circus pygargus;TRUE
CISJUN;CISJUN;Passeriformes;Sylvides;Cisticole des joncs;Cisticola juncidis;FALSE;non;oui;Cisticola juncidis;TRUE
CLAGLA;CLAGLA;Cuculiformes;Cuculides;Coucou geai;Clamator glandarius;FALSE;non;oui;Clamator glandarius;TRUE
CLAHYE;CLAHYE;Anseriformes;Anatides;Harelde boreale;Clangula hyemalis;FALSE;non;oui;Clangula hyemalis;FALSE
COCAME;COCAME;Cuculiformes;Cuculides;Coulicou a  bec jaune;Coccyzus americanus;FALSE;non;oui;Coccyzus americanus;FALSE
COCCOC;COCCOC;Passeriformes;Fringillides;Grosbec casse-noyaux;Coccothraustes coccothraustes;TRUE;milieux forestiers;oui;Coccothraustes coccothraustes;TRUE
COLLIV;COLLIV;Columbiformes;Columbides;Pigeon biset;Columba livia;FALSE;non;oui;Columba livia Gmelin;TRUE
COLOEN;COLOEN;Columbiformes;Columbides;Pigeon colombin;Columba oenas;FALSE;non;oui;Columba oenas;TRUE
COLPAL;COLPAL;Columbiformes;Columbides;Pigeon ramier;Columba palumbus;TRUE;generaliste;oui;Columba palumbus;TRUE
COLVIR;COLVIR;Galliformes;Phasianides;Colin de Virginie;Colinus virginianus;FALSE;non;oui;Colinus virginianus;FALSE
CORCOR;CORCOR;Passeriformes;Corvides;Corneille noire;Corvus corone;TRUE;generaliste;oui;Corvus corone;TRUE
CORDAU;CORDAU;Passeriformes;Corvides;Choucas de Daourie;Corvus dauuricus;FALSE;non;oui;Corvus dauuricus Pallas;FALSE
CORFRU;CORFRU;Passeriformes;Corvides;Corbeau freux;Corvus frugilegus;TRUE;milieux agricoles;oui;Corvus frugilegus;TRUE
CORGAR;CORGAR;Coraciiformes;Coraciides;Rollier d'Europe;Coracias garrulus;FALSE;non;oui;Coracias garrulus;TRUE
CORMON;CORMON;Passeriformes;Corvides;Choucas des tours;Corvus monedula;TRUE;milieux batis;oui;Corvus monedula;TRUE
CORRAX;CORRAX;Passeriformes;Corvides;Grand Corbeau;Corvus corax;FALSE;non;oui;Corvus corax;TRUE
COTCOT;COTCOT;Galliformes;Phasianides;Caille des bles;Coturnix coturnix;TRUE;milieux agricoles;oui;Coturnix coturnix;TRUE
CRECRE;CRECRE;Gruiformes;Rallides;Rale des genets;Crex crex;FALSE;non;oui;Crex crex;FALSE
CUCCAN;CUCCAN;Cuculiformes;Cuculides;Coucou gris;Cuculus canorus;TRUE;generaliste;oui;Cuculus canorus;TRUE
CURCUR;CURCUR;Charadriiformes;Glareolides;Courvite isabelle;Cursorius cursor;FALSE;non;oui;Cursorius cursor;FALSE
CYACYA;CYACYA;Passeriformes;Corvides;Pie bleue;Cyanopica cyana;FALSE;non;oui;Cyanopica cyana;FALSE
CYGATR;CYGATR;Anseriformes;Anatidae;Cygne noir;Cygnus atratus;FALSE;non;oui;Cygnus atratus;FALSE
CYGCOL;CYGCOL;Anseriformes;Anatides;Cygne de Bewick;Cygnus columbianus;FALSE;non;oui;Cygnus columbianus Yarrell;FALSE
CYGCYG;CYGCYG;Anseriformes;Anatides;Cygne chanteur;Cygnus cygnus;FALSE;non;oui;Cygnus cygnus;FALSE
CYGOLO;CYGOLO;Anseriformes;Anatides;Cygne tubercule;Cygnus olor;FALSE;non;oui;Cygnus olor;TRUE
DELURB;DELURB;Passeriformes;Hirundinides;Hirondelle de fenetre;Delichon urbica;TRUE;milieux batis;oui;Delichon urbica;TRUE
DENLEU;DENLEU;Piciformes;Picides;Pic a  dos blanc;Dendrocopos leucotos;FALSE;non;oui;Dendrocopos leucotos;FALSE
DENMAJ;DENMAJ;Piciformes;Picides;Pic epeiche;Dendrocopos major;TRUE;milieux forestiers;oui;Dendrocopos major;TRUE
DENMED;DENMED;Piciformes;Picides;Pic mar;Dendrocopos medius;TRUE;milieux forestiers;oui;Dendrocopos medius;TRUE
DENMIN;DENMIN;Piciformes;Picides;Pic epeichette;Dendrocopos minor;FALSE;non;oui;Dendrocopos minor;TRUE
DENSTR;DENSTR;Passeriformes;Parulides;Paruline rayee;Dendroica striata;FALSE;non;oui;Dendroica striata;FALSE
DENSYR;DENSYR;Piciformes;Picides;Pic syriaque;Dendrocopos syriacus;FALSE;non;oui;Dendrocopos syriacus;FALSE
DENVID;DENVID;Anatides;Anatides;Dendrocygne veuf;Dendrocygna viduata;FALSE;non;oui;Dendrocygna viduata;FALSE
DIOEXU;DIOEXU;Procellariiformes;Diomedeides;Albatros hurleur;Diomedea exulans;FALSE;non;oui;Diomedea exulans;FALSE
DIOMEL;DIOMEL;Procellariiformes;Diomedeides;Albatros a  sourcils noirs;Diomedea melanophrys;FALSE;non;oui;Diomedea melanophrys Temm.;FALSE
DRYMAR;DRYMAR;Piciformes;Picides;Pic noir;Dryocopus martius;TRUE;milieux forestiers;oui;Dryocopus martius;TRUE
EGRALB;EGRALB;Ciconiiformes;Ardeides;Grande Aigrette;Egretta alba;FALSE;non;oui;Egretta alba;FALSE
EGRGAR;EGRGAR;Ciconiiformes;Ardeides;Aigrette garzette;Egretta garzetta;FALSE;non;oui;Egretta garzetta;TRUE
EGRGUL;EGRGUL;Ciconiiformes;Ardeides;Aigrette des recifs;Egretta gularis;FALSE;non;oui;Egretta gularis;FALSE
ELACAE;ELACAE;Accipitriformes;Accipitrides;Elanion blanc;Elanus caeruleus;FALSE;non;oui;Elanus caeruleus;FALSE
EMBAUR;EMBAUR;Passeriformes;Emberizides;Bruant aureole;Emberiza aureola;FALSE;non;oui;Emberiza aureola Pallas;FALSE
EMBCAE;EMBCAE;Passeriformes;Emberizides;Bruant cendrillard;Emberiza caesia;FALSE;non;oui;Emberiza caesia Cretzsch.;FALSE
EMBCIA;EMBCIA;Passeriformes;Emberizides;Bruant fou;Emberiza cia;FALSE;non;oui;Emberiza cia;TRUE
EMBCIR;EMBCIR;Passeriformes;Emberizides;Bruant zizi;Emberiza cirlus;TRUE;milieux agricoles;oui;Emberiza cirlus;TRUE
EMBCIT;EMBCIT;Passeriformes;Emberizides;Bruant jaune;Emberiza citrinella;TRUE;milieux agricoles;oui;Emberiza citrinella;TRUE
EMBHOR;EMBHOR;Passeriformes;Emberizides;Bruant ortolan;Emberiza hortulana;TRUE;milieux agricoles;oui;Emberiza hortulana;TRUE
EMBLEU;EMBLEU;Passeriformes;Emberizides;Bruant a  calotte blanche;Emberiza leucocephalos;FALSE;non;oui;Emberiza leucocephalos Gmelin;FALSE
EMBMEL;EMBMEL;Passeriformes;Emberizides;Bruant melanocephale;Emberiza melanocephala;FALSE;non;oui;Emberiza melanocephala Scopoli;FALSE
EMBPUS;EMBPUS;Passeriformes;Emberizides;Bruant nain;Emberiza pusilla;FALSE;non;oui;Emberiza pusilla Pallas;FALSE
EMBSCH;EMBSCH;Passeriformes;Emberizides;Bruant des roseaux;Emberiza schoeniclus;FALSE;non;oui;Emberiza schoeniclus;TRUE
EREALP;EREALP;Passeriformes;Alaudides;Alouette hausse-col;Eremophila alpestris;FALSE;non;oui;Eremophila alpestris;FALSE
ERIRUB;ERIRUB;Passeriformes;Turdides;Rougegorge familier;Erithacus rubecula;TRUE;milieux forestiers;oui;Erithacus rubecula;TRUE
EUOMAL;EUOMAL;Passeriformes;Esterildides;Capucin bec-de-plomb;Euodice malabarica;FALSE;non;oui;Euodice malabarica;FALSE
FALBIA;FALBIA;Falconiformes;Falconides;Faucon lanier;Falco biarmicus;FALSE;non;oui;Falco biarmicus;FALSE
FALCHE;FALCHE;Falconiformes;Falconides;Faucon sacre;Falco cherrug;FALSE;non;oui;Falco cherrug Gray;FALSE
FALCOL;FALCOL;Falconiformes;Falconides;Faucon emerillon;Falco columbarius;FALSE;non;oui;Falco columbarius;FALSE
FALELE;FALELE;Falconiformes;Falconides;Faucon d'Eleonore;Falco eleonorae;FALSE;non;oui;Falco eleonorae Gene;FALSE
FALNAU;FALNAU;Falconiformes;Falconides;Faucon crecerellette;Falco naumanni;FALSE;non;oui;Falco naumanni Fleischer;FALSE
FALPER;FALPER;Falconiformes;Falconides;Faucon pelerin;Falco peregrinus;FALSE;non;oui;Falco peregrinus Tunstall;TRUE
FALRUS;FALRUS;Falconiformes;Falconides;Faucon gerfaut;Falco rusticolus;FALSE;non;oui;Falco rusticolus;FALSE
FALSUB;FALSUB;Falconiformes;Falconides;Faucon hobereau;Falco subbuteo;FALSE;non;oui;Falco subbuteo;TRUE
FALTIN;FALTIN;Falconiformes;Falconides;Faucon crecerelle;Falco tinnunculus;TRUE;milieux agricoles;oui;Falco tinnunculus;TRUE
FALVES;FALVES;Falconiformes;Falconides;Faucon kobez;Falco vespertinus;FALSE;non;oui;Falco vespertinus;FALSE
FICALB;FICALB;Passeriformes;Muscicapides;Gobemouche a  collier;Ficedula albicollis;FALSE;non;oui;Ficedula albicollis;FALSE
FICHYP;FICHYP;Passeriformes;Muscicapides;Gobemouche noir;Ficedula hypoleuca;FALSE;non;oui;Ficedula hypoleuca;TRUE
FICPAR;FICPAR;Passeriformes;Muscicapides;Gobemouche nain;Ficedula parva;FALSE;non;oui;Ficedula parva;FALSE
FRAARC;FRAARC;Charadriiformes;Alcides;Macareux moine;Fratercula arctica;FALSE;non;oui;Fratercula arctica;FALSE
FREMAG;FREMAG;Pelecaniformes;Fregatides;Fregate superbe;Fregata magnificens;FALSE;non;oui;Fregata magnificens Mathews;FALSE
FRICOE;FRICOE;Passeriformes;Fringillides;Pinson des arbres;Fringilla coelebs;TRUE;generaliste;oui;Fringilla coelebs;TRUE
FRIMON;FRIMON;Passeriformes;Fringillides;Pinson du Nord;Fringilla montifringilla;FALSE;non;oui;Fringilla montifringilla;FALSE
FULATR;FULATR;Gruiformes;Rallides;Foulque macroule;Fulica atra;FALSE;non;oui;Fulica atra;TRUE
FULCRI;FULCRI;Gruiformes;Rallides;Foulque caronculee;Fulica cristata;FALSE;non;oui;Fulica cristata Gmelin;FALSE
FULGLA;FULGLA;Procellariiformes;Procellariides;Fulmar boreal;Fulmarus glacialis;FALSE;non;oui;Fulmarus glacialis;FALSE
GALCHL;GALCHL;Gruiformes;Rallides;Gallinule poule-d'eau;Gallinula chloropus;FALSE;non;oui;Gallinula chloropus;TRUE
GALCRI;GALCRI;Passeriformes;Alaudides;Cochevis huppe;Galerida cristata;TRUE;milieux agricoles;oui;Galerida cristata;TRUE
GALGAL;GALGAL;Charadriiformes;Scolopacides;Becassine des marais;Gallinago gallinago;FALSE;non;oui;Gallinago gallinago;TRUE
GALMED;GALMED;Charadriiformes;Scolopacides;Becassine double;Gallinago media;FALSE;non;oui;Gallinago media;FALSE
GALTHE;GALTHE;Passeriformes;Alaudides;Cochevis de Thekla;Galerida theklae;FALSE;non;oui;Galerida theklae Brehm;FALSE
GARGLA;GARGLA;Passeriformes;Corvides;Geai des chenes;Garrulus glandarius;TRUE;generaliste;oui;Garrulus glandarius;TRUE
GAVADA;GAVADA;Gaviiformes;Gaviides;Plongeon a  bec blanc;Gavia adamsii;FALSE;non;oui;Gavia adamsii;FALSE
GAVARC;GAVARC;Gaviiformes;Gaviides;Plongeon arctique;Gavia arctica;FALSE;non;oui;Gavia arctica;FALSE
GAVIMM;GAVIMM;Gaviiformes;Gaviides;Plongeon imbrin;Gavia immer;FALSE;non;oui;Gavia immer;FALSE
GAVSTE;GAVSTE;Gaviiformes;Gaviides;Plongeon catmarin;Gavia stellata;FALSE;non;oui;Gavia stellata;FALSE
GELNIL;GELNIL;Charadriiformes;Sternides;Sterne hansel;Gelochelidon nilotica;FALSE;non;oui;Gelochelidon nilotica;FALSE
GLANOR;GLANOR;Charadriiformes;Glareolides;Glareole a  ailes noires;Glareola Nordmanni;FALSE;non;oui;Glareola Nordmanni Nordmann;FALSE
GLAPAS;GLAPAS;Strigiformes;Strigides;Chevechette d'Europe;Glaucidium passerinum;FALSE;non;oui;Glaucidium passerinum;FALSE
GLAPRA;GLAPRA;Charadriiformes;Glareolides;Glareole a  collier;Glareola pratincola;FALSE;non;oui;Glareola pratincola;FALSE
GRIVES;GRIVES;Passeriformes;Turdides;Grive sp;Turdus sp.;FALSE;milieux forestiers;non;Turdus sp.;FALSE
GRUGRU;GRUGRU;Gruiformes;Gruides;Grue cendree;Grus grus;FALSE;non;oui;Grus grus;FALSE
GYPBAR;GYPBAR;Accipitriformes;Accipitrides;Gypaete barbu;Gypaetus barbatus;FALSE;non;oui;Gypaetus barbatus;FALSE
GYPFUL;GYPFUL;Accipitriformes;Accipitrides;Vautour fauve;Gyps fulvus;FALSE;non;oui;Gyps fulvus;FALSE
HAEOST;HAEOST;Charadriiformes;Haematropodides;Hua®trier pie;Haematopus ostralegus;FALSE;non;oui;Haematopus ostralegus;FALSE
HALALB;HALALB;Accipitriformes;Accipitrides;Pygargue a  queue blanche;Haliaeetus albicilla;FALSE;non;oui;Haliaeetus albicilla;FALSE
HIEFAS;HIEFAS;Accipitriformes;Accipitrides;Aigle de Bonelli;Hieraaetus fasciatus;FALSE;non;oui;Hieraaetus fasciatus;FALSE
HIEPEN;HIEPEN;Accipitriformes;Accipitrides;Aigle botte;Hieraaetus pennatus;FALSE;non;oui;Hieraaetus pennatus;FALSE
HIMHIM;HIMHIM;Charadriiformes;Recurvirostrides;Echasse blanche;Himantopus himantopus;FALSE;non;oui;Himantopus himantopus;TRUE
HIPCAL;HIPCAL;Passeriformes;Sylvides;Hypolaïs bottee;Hippolais caligata;FALSE;non;oui;Hippolais caligata;FALSE
HIPICT;HIPICT;Passeriformes;Sylvides;Hypolaïs icterine;Hippolais icterina;FALSE;non;oui;Hippolais icterina;TRUE
HIPOLI;HIPOLI;Passeriformes;Sylvides;Hypolaïs des oliviers;Hippolais olivetorum;FALSE;non;oui;Hippolais olivetorum;FALSE
HIPPAL;HIPPAL;Passeriformes;Sylvides;Hypolaïs pale;Hippolais pallida;FALSE;non;oui;Hippolais pallida;FALSE
HIPPOL;HIPPOL;Passeriformes;Sylvides;Hypolaïs polyglotte;Hippolais polyglotta;TRUE;generaliste;oui;Hippolais polyglotta;TRUE
HIRDAU;HIRDAU;Passeriformes;Hirundinides;Hirondelle rousseline;Hirundo daurica;FALSE;non;oui;Hirundo daurica;FALSE
HIRRUS;HIRRUS;Passeriformes;Hirundinides;Hirondelle rustique;Hirundo rustica;TRUE;milieux batis;oui;Hirundo rustica;TRUE
HISHIS;HISHIS;Anseriformes;Anatides;Arlequin plongeur;Histrionicus histrionicus;FALSE;non;oui;Histrionicus histrionicus;FALSE
HOPSPI;HOPSPI;Charadriiformes;Charadriides;Vanneau eperonne;Hoplopterus spinosus;FALSE;non;oui;Hoplopterus spinosus;FALSE
HYDPEL;HYDPEL;Procellariiformes;Hydrobatides;Oceanite tempete;Hydrobates pelagicus;FALSE;non;oui;Hydrobates pelagicus;FALSE
IXOMIN;IXOMIN;Ciconiiformes;Ardeides;Blongios nain;Ixobrychus minutus;FALSE;non;oui;Ixobrychus minutus;FALSE
JYNTOR;JYNTOR;Piciformes;Picides;Torcol fourmilier;Jynx torquilla;FALSE;non;oui;Jynx torquilla;TRUE
LAGLAG;LAGLAG;Galliformes;Tetraonides;Lagopede des saules;Lagopus lagopus;FALSE;non;oui;Lagopus lagopus;FALSE
LAGMUT;LAGMUT;Galliformes;Tetraonides;Lagopede alpin;Lagopus mutus;FALSE;non;oui;Lagopus mutus;FALSE
LANCOL;LANCOL;Passeriformes;Laniides;Pie-grieche ecorcheur;Lanius collurio;TRUE;milieux agricoles;oui;Lanius collurio;TRUE
LANEXC;LANEXC;Passeriformes;Laniides;Pie-grieche grise;Lanius excubitor;FALSE;non;oui;Lanius excubitor;TRUE
LANISA;LANISA;Passeriformes;Laniides;Pie-grieche isabelle;Lanius isabellinus;FALSE;non;oui;Lanius isabellinus Ehrenberg;FALSE
LANMER;LANMER;Passeriformes;Laniides;Pie-grieche meridionale;Lanius meridionalis;FALSE;non;oui;Lanius meridionalis Temminck;TRUE
LANMIN;LANMIN;Passeriformes;Laniides;Pie-grieche a  poitrine rose;Lanius minor;FALSE;non;oui;Lanius minor Gmelin;FALSE
LANSEN;LANSEN;Passeriformes;Laniides;Pie-grieche a  tete rousse;Lanius senator;FALSE;non;oui;Lanius senator;TRUE
LARARG;LARARG;Charadriiformes;Larides;Goeland argente;Larus argentatus;FALSE;non;oui;Larus argentatus Pontropp;TRUE
LARATR;LARATR;Charadriiformes;Larides;Mouette atricille;Larus atricilla;FALSE;non;oui;Larus atricilla;FALSE
LARAUD;LARAUD;Charadriiformes;Larides;Goeland d'Audouin;Larus audouinii;FALSE;non;oui;Larus audouinii Payraudeau;FALSE
LARCAC;LARCAC;Charadriiformes;Larides;Goeland pontique;Larus cachinnans;FALSE;non;oui;Larus cachinnans Pallas;FALSE
LARCAN;LARCAN;Charadriiformes;Larides;Goeland cendre;Larus canus;FALSE;non;oui;Larus canus;FALSE
LARDEL;LARDEL;Charadriiformes;Larides;Goeland a  bec cercle;Larus delawarensis;FALSE;non;oui;Larus delawarensis Ord;FALSE
LARFUS;LARFUS;Charadriiformes;Larides;Goeland brun;Larus fuscus;FALSE;non;oui;Larus fuscus;TRUE
LARGEN;LARGEN;Charadriiformes;Larides;Goeland railleur;Larus genei;FALSE;non;oui;Larus genei Breme;FALSE
LARGLA;LARGLA;Charadriiformes;Larides;Goeland a  ailes blanches;Larus glaucoides;FALSE;non;oui;Larus glaucoides Meyer;FALSE
LARHEU;LARHEU;Charadriiformes;Larides;Goeland de Siberie;Larus heuglini;FALSE;non;oui;Larus heuglini;FALSE
LARHYP;LARHYP;Charadriiformes;Larides;Goeland bourgmestre;Larus hyperboreus;FALSE;non;oui;Larus hyperboreus Gunnerus;FALSE
LARMAR;LARMAR;Charadriiformes;Larides;Goeland marin;Larus marinus;FALSE;non;oui;Larus marinus;TRUE
LARMEL;LARMEL;Charadriiformes;Larides;Mouette melanocephale;Larus melanocephalus;FALSE;non;oui;Larus melanocephalus Temminck;TRUE
LARMIC;LARMIC;Charadriiformes;Larides;Goeland leucophee;Larus michahellis;FALSE;non;oui;Larus michahellis;TRUE
LARMIN;LARMIN;Charadriiformes;Larides;Mouette pygmee;Larus minutus;FALSE;non;oui;Larus minutus Pallas;FALSE
LARPHI;LARPHI;Charadriiformes;Larides;Mouette de Bonaparte;Larus philadelphia;FALSE;non;oui;Larus philadelphia;FALSE
LARPIP;LARPIP;Charadriiformes;Larides;Mouette de Franklin;Larus pipixcan;FALSE;non;oui;Larus pipixcan Wagler;FALSE
LARRID;LARRID;Charadriiformes;Larides;Mouette rieuse;Larus ridibundus;FALSE;non;oui;Larus ridibundus;TRUE
LARSAB;LARSAB;Charadriiformes;Larides;Mouette de Sabine;Larus sabini;FALSE;non;oui;Larus sabini Sabine;FALSE
LEILUT;LEILUT;Passeriformes;Timaliides;Leïothrix jaune;Leiothrix lutea;FALSE;non;oui;Leiothrix lutea;FALSE
LIMFAL;LIMFAL;Charadriiformes;Scolopacides;Becasseau falcinelle;Limicola falcinellus;FALSE;non;oui;Limicola falcinellus;FALSE
LIMICO;LIMICO;Charadriiformes;Scolopacides;Limicole sp; ;FALSE;non;non;;FALSE
LIMLAP;LIMLAP;Charadriiformes;Scolopacides;Barge rousse;Limosa lapponica;FALSE;non;oui;Limosa lapponica;FALSE
LIMLIM;LIMLIM;Charadriiformes;Scolopacides;Barge a  queue noire;Limosa limosa;FALSE;non;oui;Limosa limosa;FALSE
LIMSCO;LIMSCO;Charadriiformes;Scolopacides;Becassin a  long bec;Limnodromus scolopaceus;FALSE;non;oui;Limnodromus scolopaceus;FALSE
LOCCER;LOCCER;Passeriformes;Sylvides;Locustelle de Pallas;Locustella certhiola;FALSE;non;oui;Locustella certhiola;FALSE
LOCFAS;LOCFAS;Passeriformes;Sylvides;Locustelle fasciee;Locustella fasciolata;FALSE;non;oui;Locustella fasciolata;FALSE
LOCFLU;LOCFLU;Passeriformes;Sylvides;Locustelle fluviatile;Locustella fluviatilis;FALSE;non;oui;Locustella fluviatilis;FALSE
LOCLAN;LOCLAN;Passeriformes;Sylvides;Locustelle lanceolee;Locustella lanceolata;FALSE;non;oui;Locustella lanceolata;FALSE
LOCLUS;LOCLUS;Passeriformes;Sylvides;Locustelle luscinioïde;Locustella luscinioides;FALSE;non;oui;Locustella luscinioides;FALSE
LOCNAE;LOCNAE;Passeriformes;Sylvides;Locustelle tachetee;Locustella naevia;FALSE;non;oui;Locustella naevia;TRUE
LOXCUR;LOXCUR;Passeriformes;Fringillides;Bec-croise des sapins;Loxia curvirostra;FALSE;non;oui;Loxia curvirostra;TRUE
LOXLEU;LOXLEU;Passeriformes;Fringillides;Bec-croise bifascie;Loxia leucoptera;FALSE;non;oui;Loxia leucoptera Gmelin;FALSE
LOXPYT;LOXPYT;Passeriformes;Fringillides;Bec-croise perroquet;Loxia pytyopsittacus;FALSE;non;oui;Loxia pytyopsittacus Borkhausen;FALSE
LOXSCO;LOXSCO;Passeriformes;Fringillides;Bec-croise d'Ecosse;Loxia scotica;FALSE;non;oui;Loxia scotica;FALSE
LULARB;LULARB;Passeriformes;Alaudides;Alouette lulu;Lullula arborea;TRUE;milieux agricoles;oui;Lullula arborea;TRUE
LUSLUS;LUSLUS;Passeriformes;Turdides;Rossignol progne;Luscinia luscinia;FALSE;non;oui;Luscinia luscinia;FALSE
LUSMEG;LUSMEG;Passeriformes;Turdides;Rossignol philomele;Luscinia megarhynchos;TRUE;generaliste;oui;Luscinia megarhynchos Brehm;TRUE
LUSSVE;LUSSVE;Passeriformes;Turdides;Gorgebleue a  miroir;Luscinia svecica;FALSE;non;oui;Luscinia svecica;TRUE
LYMMIN;LYMMIN;Charadriiformes;Scolopacides;Becassine sourde;Lymnocryptes minimus;FALSE;non;oui;Lymnocryptes minimus;FALSE
LYNPAR;LYNPAR;Carnivores;Felidae;Lynx d'Espagne;Lynx pardina;FALSE;non;non;Lynx pardina  Temminck 1824;FALSE
MARANG;MARANG;Anseriformes;Anatides;Sarcelle marbree;Marmaronetta angustirostris;FALSE;non;oui;Marmaronetta angustirostris;FALSE
MELCAL;MELCAL;Passeriformes;Alaudides;Alouette calandre;Melanocorypha calandra;FALSE;non;oui;Melanocorypha calandra;FALSE
MELFUS;MELFUS;Anseriformes;Anatides;Macreuse brune;Melanitta fusca;FALSE;non;oui;Melanitta fusca;FALSE
MELNIG;MELNIG;Anseriformes;Anatides;Macreuse noire;Melanitta nigra;FALSE;non;oui;Melanitta nigra;FALSE
MELPER;MELPER;Anseriformes;Anatides;Macreuse a  front blanc;Melanitta perspicillata;FALSE;non;oui;Melanitta perspicillata;FALSE
MERALB;MERALB;Anseriformes;Anatides;Harle piette;Mergus albellus;FALSE;non;oui;Mergus albellus;FALSE
MERAPI;MERAPI;Coraciiformes;Meropides;Guepier d'Europe;Merops apiaster;FALSE;non;oui;Merops apiaster;TRUE
MERMER;MERMER;Anseriformes;Anatides;Harle bievre;Mergus merganser;FALSE;non;oui;Mergus merganser;FALSE
MERPER;MERPER;Coraciiformes;Meropides;Guepier de Perse;Merops persicus;FALSE;non;oui;Merops persicus;FALSE
MERSER;MERSER;Anseriformes;Anatides;Harle huppe;Mergus serrator;FALSE;non;oui;Mergus serrator;FALSE
MICHIM;MICHIM;Charadriiformes;Scolopacides;Becasseau a  echasses;Micropalama himantopus;FALSE;non;oui;Micropalama himantopus;FALSE
MILCAL;MILCAL;Passeriformes;Emberizides;Bruant proyer;Miliaria calandra;TRUE;milieux agricoles;oui;Miliaria calandra;FALSE
MILMIG;MILMIG;Accipitriformes;Accipitrides;Milan noir;Milvus migrans;FALSE;non;oui;Milvus migrans;TRUE
MILMIL;MILMIL;Accipitriformes;Accipitrides;Milan royal;Milvus milvus;FALSE;non;oui;Milvus milvus;TRUE
MONNIV;MONNIV;Passeriformes;Passerides;Niverolle alpine;Montifringilla nivalis;FALSE;non;oui;Montifringilla nivalis;FALSE
MONSAX;MONSAX;Passeriformes;Turdides;Monticole de roche;Monticola saxatilis;FALSE;non;oui;Monticola saxatilis;TRUE
MONSOL;MONSOL;Passeriformes;Turdides;Monticole bleu;Monticola solitarius;FALSE;non;oui;Monticola solitarius;TRUE
MOTALB;MOTALB;Passeriformes;Motacillides;Bergeronnette grise;Motacilla alba;FALSE;non;oui;Motacilla alba;TRUE
MOTCIN;MOTCIN;Passeriformes;Motacillides;Bergeronnette des ruisseaux;Motacilla cinerea;FALSE;non;oui;Motacilla cinerea Tunstall;TRUE
MOTCIT;MOTCIT;Passeriformes;Motacillides;Bergeronnette citrine;Motacilla citreola;FALSE;non;oui;Motacilla citreola Pallas;FALSE
MOTFLA;MOTFLA;Passeriformes;Motacillides;Bergeronnette printaniere;Motacilla flava;TRUE;milieux agricoles;oui;Motacilla flava;TRUE
MOTIMA;MOTIMA;Passeriformes;Motacillides;Bergeronnette flaveole;Motacilla flavissima;FALSE;non;oui;Motacilla flavissima;FALSE
MUSSTR;MUSSTR;Passeriformes;Muscicapides;Gobemouche gris;Muscicapa striata;FALSE;non;oui;Muscicapa striata;TRUE
NEOPER;NEOPER;Accipitriformes;Accipitrides;Vautour percnoptere;Neophron percnopterus;FALSE;non;oui;Neophron percnopterus;FALSE
NETRUF;NETRUF;Anseriformes;Anatides;Nette rousse;Netta rufina;FALSE;non;oui;Netta rufina;FALSE
NUCCAR;NUCCAR;Passeriformes;Corvides;Cassenoix mouchete;Nucifraga caryocatactes;FALSE;non;oui;Nucifraga caryocatactes;TRUE
NUMARQ;NUMARQ;Charadriiformes;Scolopacides;Courlis cendre;Numenius arquata;FALSE;non;oui;Numenius arquata;TRUE
NUMPHA;NUMPHA;Charadriiformes;Scolopacides;Courlis corlieu;Numenius phaeopus;FALSE;non;oui;Numenius phaeopus;FALSE
NUMTEN;NUMTEN;Charadriiformes;Scolopacides;Courlis a  bec grele;Numenius tenuirostris;FALSE;non;oui;Numenius tenuirostris Vieillot;FALSE
NYCNYC;NYCNYC;Ciconiiformes;Ardeides;Bihoreau gris;Nycticorax nycticorax;FALSE;non;oui;Nycticorax nycticorax;TRUE
NYCSCA;NYCSCA;Strigiformes;Strigides;Harfang des neiges;Nyctea scandiaca;FALSE;non;oui;Nyctea scandiaca;FALSE
OCECAS;OCECAS;Procellariiformes;Hydrobatides;Oceanite de Castro;Oceanodroma castro;FALSE;non;oui;Oceanodroma castro;FALSE
OCELEU;OCELEU;Procellariiformes;Hydrobatides;Oceanite culblanc;Oceanodroma leucorhoa;FALSE;non;oui;Oceanodroma leucorhoa;FALSE
OCEMON;OCEMON;Procellariiformes;Hydrobatides;Oceanite de Swinhoe;Oceanodroma monorhis;FALSE;non;oui;Oceanodroma monorhis;FALSE
OCEOCE;OCEOCE;Procellariiformes;Hydrobatides;Oceanite de Wilson;Oceanites oceanicus;FALSE;non;oui;Oceanites oceanicus;FALSE
OENDES;OENDES;Passeriformes;Turdides;Traquet du desert;Oenanthe deserti;FALSE;non;oui;Oenanthe deserti;FALSE
OENHIS;OENHIS;Passeriformes;Turdides;Traquet oreillard;Oenanthe hispanica;FALSE;non;oui;Oenanthe hispanica;TRUE
OENISA;OENISA;Passeriformes;Turdides;Traquet isabelle;Oenanthe isabellina;FALSE;non;oui;Oenanthe isabellina;FALSE
OENLEU;OENLEU;Passeriformes;Turdides;Traquet rieur;Oenanthe leucura;FALSE;non;oui;Oenanthe leucura;FALSE
OENOEN;OENOEN;Passeriformes;Turdides;Traquet motteux;Oenanthe oenanthe;TRUE;milieux agricoles;oui;Oenanthe oenanthe;TRUE
OENPLE;OENPLE;Passeriformes;Turdides;Traquet pie;Oenanthe pleschanka;FALSE;non;oui;Oenanthe pleschanka;FALSE
ORIORI;ORIORI;Passeriformes;Oriolides;Loriot d'Europe;Oriolus oriolus;TRUE;generaliste;oui;Oriolus oriolus;TRUE
OTITAR;OTITAR;Gruiformes;Otidides;Outarde barbue;Otis tarda;FALSE;non;oui;Otis tarda;FALSE
OTUSCO;OTUSCO;Strigiformes;Strigides;Petit-duc scops;Otus scops;FALSE;non;oui;Otus scops;FALSE
OXYJAM;OXYJAM;Anseriformes;Anatides;Erismature rousse;Oxyura jamaicensis;FALSE;non;oui;Oxyura jamaicensis;FALSE
OXYLEU;OXYLEU;Anseriformes;Anatides;Erismature a  tete blanche;Oxyura leucocephala;FALSE;non;oui;Oxyura leucocephala;FALSE
PAGEBU;PAGEBU;Charadriiformes;Larides;Mouette ivoire;Pagophila eburnea;FALSE;non;oui;Pagophila eburnea;FALSE
PANBIA;PANBIA;Passeriformes;Timaliides;Panure a  moustaches;Panurus biarmicus;FALSE;non;oui;Panurus biarmicus;FALSE
PANHAL;PANHAL;Accipitriformes;Pandionides;Balbuzard pecheur;Pandion haliaetus;FALSE;non;oui;Pandion haliaetus;FALSE
PARAME;PARAME;Passeriformes;Parulides;Paruline a  collier;Parula americana;FALSE;non;oui;Parula americana;FALSE
PARATE;PARATE;Passeriformes;Parides;Mesange noire;Parus ater;TRUE;milieux forestiers;oui;Parus ater;TRUE
PARCAE;PARCAE;Passeriformes;Parides;Mesange bleue;Parus caeruleus;TRUE;generaliste;oui;Parus caeruleus;TRUE
PARCIN;PARCIN;Passeriformes;Parides;Mesange lapone;Parus cinctus;FALSE;non;oui;Parus cinctus;FALSE
PARCRI;PARCRI;Passeriformes;Parides;Mesange huppee;Parus cristatus;TRUE;milieux forestiers;oui;Parus cristatus;TRUE
PARCYA;PARCYA;Passeriformes;Parides;Mesange azuree;Parus cyanus;FALSE;non;oui;Parus cyanus Pallas;FALSE
PARLUG;PARLUG;Passeriformes;Parides;Mesange lugubre;Parus lugubris;FALSE;non;oui;Parus lugubris;FALSE
PARMAJ;PARMAJ;Passeriformes;Parides;Mesange charbonniere;Parus major;TRUE;generaliste;oui;Parus major;TRUE
PARMON;PARMON;Passeriformes;Parides;Mesange boreale;Parus montanus;TRUE;milieux forestiers;oui;Parus montanus Baldenst.;TRUE
PARPAL;PARPAL;Passeriformes;Parides;Mesange nonnette;Parus palustris;TRUE;milieux forestiers;oui;Parus palustris;TRUE
PASDOM;PASDOM;Passeriformes;Passerides;Moineau domestique;Passer domesticus;TRUE;milieux batis;oui;Passer domesticus;TRUE
PASHIS;PASHIS;Passeriformes;Passerides;Moineau espagnol;Passer hispaniolensis;FALSE;non;oui;Passer hispaniolensis;FALSE
PASITA;PASITA;Passeriformes;Passerides;Moineau cisalpin;Passer italiae;FALSE;non;oui;Passer italiae;FALSE
PASMON;PASMON;Passeriformes;Passerides;Moineau friquet;Passer montanus;TRUE;milieux batis;oui;Passer montanus;TRUE
PELCRI;PELCRI;Pelecaniformes;Pelecanides;Pelican frise;Pelecanus crispus;FALSE;non;oui;Pelecanus crispus;FALSE
PELONO;PELONO;Pelecaniformes;Pelecanides;Pelican blanc;Pelecanus onocrotalus;FALSE;non;oui;Pelecanus onocrotalus;FALSE
PERAPI;PERAPI;Accipitriformes;Accipitrides;Bondree apivore;Pernis apivorus;FALSE;non;oui;Pernis apivorus;TRUE
PERINF;PERINF;Passeriformes;Corvides;Mesangeai imitateur;Perisoreus infaustus;FALSE;non;oui;Perisoreus infaustus;FALSE
PERPER;PERPER;Galliformes;Phasianides;Perdrix grise;Perdix perdix;TRUE;milieux agricoles;oui;Perdix perdix;TRUE
PETPET;PETPET;Passeriformes;Passerides;Moineau soulcie;Petronia petronia;FALSE;non;oui;Petronia petronia;TRUE
PHAARI;PHAARI;Pelecaniformes;Phalacrocoracides;Cormoran huppe;Phalacrocorax aristotelis;FALSE;non;oui;Phalacrocorax aristotelis;FALSE
PHACAR;PHACAR;Pelecaniformes;Phalacrocoracides;Grand Cormoran;Phalacrocorax carbo;FALSE;non;oui;Phalacrocorax carbo;TRUE
PHACOL;PHACOL;Galliformes;Phasianides;Faisan de Colchide;Phasianus colchicus;FALSE;non;oui;Phasianus colchicus;TRUE
PHAFUL;PHAFUL;Charadriiformes;Scolopacides;Phalarope a  bec large;Phalaropus fulicarius;FALSE;non;oui;Phalaropus fulicarius;FALSE
PHALOB;PHALOB;Charadriiformes;Scolopacides;Phalarope a  bec etroit;Phalaropus lobatus;FALSE;non;oui;Phalaropus lobatus;FALSE
PHAPYG;PHAPYG;Pelecaniformes;Phalacrocoracides;Cormoran pygmee;Phalacrocorax pygmeus;FALSE;non;oui;Phalacrocorax pygmeus;FALSE
PHATRI;PHATRI;Charadriiformes;Scolopacides;Phalarope de Wilson;Phalaropus tricolor;FALSE;non;oui;Phalaropus tricolor;FALSE
PHIPUG;PHIPUG;Charadriiformes;Scolopacides;Combattant varie;Philomachus pugnax;FALSE;non;oui;Philomachus pugnax;FALSE
PHOCHI;PHOCHI;Phoenicopteriformes;Phoenicopterides;Flamant du Chili;Phoenicopterus chilensis;FALSE;non;oui;Phoenicopterus chilensis;FALSE
PHOMOU;PHOMOU;Passeriformes;Turdides;Rougequeue de Moussier;Phoenicurus moussieri;FALSE;non;oui;Phoenicurus moussieri;FALSE
PHOOCH;PHOOCH;Passeriformes;Turdides;Rougequeue noir;Phoenicurus ochruros;TRUE;milieux batis;oui;Phoenicurus ochruros;TRUE
PHOPHO;PHOPHO;Passeriformes;Turdides;Rougequeue a  front blanc;Phoenicurus phoenicurus;TRUE;milieux batis;oui;Phoenicurus phoenicurus;TRUE
PHORUB;PHORUB;Phoenicopteriformes;Phoenicoptedes;Flamant rose;Phoenicopterus ruber;FALSE;non;oui;Phoenicopterus ruber;FALSE
PHYBON;PHYBON;Passeriformes;Sylvides;Pouillot de Bonelli;Phylloscopus bonelli;TRUE;milieux forestiers;oui;Phylloscopus bonelli;TRUE
PHYBOR;PHYBOR;Passeriformes;Sylvides;Pouillot boreal;Phylloscopus borealis;FALSE;non;oui;Phylloscopus borealis;FALSE
PHYCOL;PHYCOL;Passeriformes;Sylvides;Pouillot veloce;Phylloscopus collybita;TRUE;milieux forestiers;oui;Phylloscopus collybita;TRUE
PHYDES;PHYDES;Passeriformes;Sylvides;Pouillot verdatre;Phylloscopus trochiloides;FALSE;non;oui;Phylloscopus trochiloides;FALSE
PHYFUS;PHYFUS;Passeriformes;Sylvides;Pouillot brun;Phylloscopus fuscatus;FALSE;non;oui;Phylloscopus fuscatus;FALSE
PHYINO;PHYINO;Passeriformes;Sylvides;Pouillot a  grands sourcils;Phylloscopus inornatus;FALSE;non;oui;Phylloscopus inornatus;FALSE
PHYPRO;PHYPRO;Passeriformes;Sylvides;Pouillot de Pallas;Phylloscopus proregulus;FALSE;non;oui;Phylloscopus proregulus;FALSE
PHYSCH;PHYSCH;Passeriformes;Sylvides;Pouillot de Schwarz;Phylloscopus schwarzi;FALSE;non;oui;Phylloscopus schwarzi;FALSE
PHYSIB;PHYSIB;Passeriformes;Sylvides;Pouillot siffleur;Phylloscopus sibilatrix;TRUE;milieux forestiers;oui;Phylloscopus sibilatrix;TRUE
PHYTRO;PHYTRO;Passeriformes;Sylvides;Pouillot fitis;Phylloscopus trochilus;TRUE;milieux forestiers;oui;Phylloscopus trochilus;TRUE
PICCAN;PICCAN;Piciformes;Picides;Pic cendre;Picus canus;TRUE;milieux forestiers;oui;Picus canus Gmelin;TRUE
PICPIC;PICPIC;Passeriformes;Corvides;Pie bavarde;Pica pica;TRUE;milieux batis;oui;Pica pica;TRUE
PICTRI;PICTRI;Piciformes;Picides;Pic tridactyle;Picoides tridactylus;FALSE;non;oui;Picoides tridactylus;FALSE
PICVIR;PICVIR;Piciformes;Picides;Pic vert;Picus viridis;TRUE;generaliste;oui;Picus viridis;TRUE
PINENU;PINENU;Passeriformes;Fringillides;Durbec des sapins;Pinicola enucleator;FALSE;non;oui;Pinicola enucleator;FALSE
PINSON;PINSON;Passeriformes;Fringillides;Pinson sp; ;FALSE;non;non;;FALSE
PLALEU;PLALEU;Ciconiiformes;Threskiornithides;Spatule blanche;Platalea leucorodia;FALSE;non;oui;Platalea leucorodia;FALSE
PLEFAL;PLEFAL;Ciconiiformes;Threskiornithides;Ibis falcinelle;Plegadis falcinellus;FALSE;non;oui;Plegadis falcinellus;FALSE
PLENIV;PLENIV;Passeriformes;Emberizides;Bruant des neiges;Plectrophenax nivalis;FALSE;non;oui;Plectrophenax nivalis;FALSE
PLUAPR;PLUAPR;Charadriiformes;Charadriides;Pluvier dore;Pluvialis apricaria;FALSE;non;oui;Pluvialis apricaria;FALSE
PLUDOM;PLUDOM;Charadriiformes;Charadriides;Pluvier bronze;Pluvialis dominica;FALSE;non;oui;Pluvialis dominica;FALSE
PLUFUL;PLUFUL;Charadriiformes;Charadriides;Pluvier fauve;Pluvialis fulva;FALSE;non;oui;Pluvialis fulva;FALSE
PLUSQU;PLUSQU;Charadriiformes;Charadriides;Pluvier argente;Pluvialis squatarola;FALSE;non;oui;Pluvialis squatarola;FALSE
PODAUR;PODAUR;Podicipediformes;Podicipedides;Grebe esclavon;Podiceps auritus;FALSE;non;oui;Podiceps auritus;FALSE
PODCRI;PODCRI;Podicipediformes;Podicipedides;Grebe huppe;Podiceps cristatus;FALSE;non;oui;Podiceps cristatus;TRUE
PODGRI;PODGRI;Podicipediformes;Podicipedides;Grebe jougris;Podiceps grisegena;FALSE;non;oui;Podiceps grisegena;FALSE
PODNIG;PODNIG;Podicipediformes;Podicipedides;Grebe a  cou noir;Podiceps nigricollis;FALSE;non;oui;Podiceps nigricollis Brehm;FALSE
PODPOD;PODPOD;Podicipediformes;Podicipedides;Grebe a  bec bigarre;Podilymbus podiceps;FALSE;non;oui;Podilymbus podiceps;FALSE
POLSTE;POLSTE;Anseriformes;Anatides;Eider de Steller;Polysticta stelleri;FALSE;non;oui;Polysticta stelleri;FALSE
PORALL;PORALL;Gruiformes;Rallides;Taleve d'Allen;Porphyrula alleni;FALSE;non;oui;Porphyrula alleni;FALSE
PORCAR;PORCAR;Gruiformes;Rallides;Marouette de Caroline;Porzana carolina;FALSE;non;oui;Porzana carolina;FALSE
PORPAR;PORPAR;Gruiformes;Rallides;Marouette poussin;Porzana parva;FALSE;non;oui;Porzana parva;FALSE
PORPOR;PORPOR;Gruiformes;Rallides;Marouette ponctuee;Porzana porzana;FALSE;non;oui;Porzana porzana;FALSE
PORPUS;PORPUS;Gruiformes;Rallides;Marouette de Baillon;Porzana pusilla;FALSE;non;oui;Porzana pusilla;FALSE
PORRIO;PORRIO;Gruiformes;Rallides;Taleve sultane;Porphyrio porphyrio;FALSE;non;oui;Porphyrio porphyrio;FALSE
PRUCOL;PRUCOL;Passeriformes;Prunellides;Accenteur alpin;Prunella collaris;FALSE;non;oui;Prunella collaris;TRUE
PRUMOD;PRUMOD;Passeriformes;Prunellides;Accenteur mouchet;Prunella modularis;TRUE;generaliste;oui;Prunella modularis;TRUE
PSIKRA;PSIKRA;Psittaciformes;Psittacides;Perruche a  collier;Psittacula krameri;FALSE;non;oui;Psittacula krameri;FALSE
PTEALC;PTEALC;Pteroclidides;Pteroclidides;Ganga cata;Pterocles alchata;FALSE;non;oui;Pterocles alchata;FALSE
PTEORI;PTEORI;Pteroclidides;Pteroclidides;Ganga unibande;Pterocles orientalis;FALSE;non;oui;Pterocles orientalis;FALSE
PTYRUP;PTYRUP;Passeriformes;Hirundinides;Hirondelle de rochers;Ptyonoprogne rupestris;FALSE;non;oui;Ptyonoprogne rupestris;TRUE
PUFASS;PUFASS;Procellariiformes;Procellariides;Puffin semblable;Puffinus assimilis;FALSE;non;oui;Puffinus assimilis Gould;FALSE
PUFGRA;PUFGRA;Procellariiformes;Procellariides;Puffin majeur;Puffinus gravis;FALSE;non;oui;Puffinus gravis;FALSE
PUFGRI;PUFGRI;Procellariiformes;Procellariides;Puffin fuligineux;Puffinus griseus;FALSE;non;oui;Puffinus griseus;FALSE
PUFPUF;PUFPUF;Procellariiformes;Procellariides;Puffin des Anglais;Puffinus puffinus;FALSE;non;oui;Puffinus puffinus;FALSE
PUFYEL;PUFYEL;Procellariiformes;Procellariides;Puffin de Mediterranee;Puffinus yelkouan;FALSE;non;oui;Puffinus yelkouan;FALSE
PYRGRA;PYRGRA;Passeriformes;Corvides;Chocard a  bec jaune;Pyrrhocorax graculus;FALSE;non;oui;Pyrrhocorax graculus;TRUE
PYRPYR;PYRPYR;Passeriformes;Fringillides;Bouvreuil pivoine;Pyrrhula pyrrhula;TRUE;milieux forestiers;oui;Pyrrhula pyrrhula;TRUE
PYRRAX;PYRRAX;Passeriformes;Corvides;Crave a  bec rouge;Pyrrhocorax pyrrhocorax;FALSE;non;oui;Pyrrhocorax pyrrhocorax;TRUE
RALAQU;RALAQU;Gruiformes;Rallides;Rale d'eau;Rallus aquaticus;FALSE;non;oui;Rallus aquaticus;TRUE
RAPACE;RAPACE;Accipitriformes;;Rapace sp; ;FALSE;non;non;;FALSE
RECAVO;RECAVO;Charadriiformes;Recurvirostrides;Avocette elegante;Recurvirostra avosetta;FALSE;non;oui;Recurvirostra avosetta;TRUE
REGIGN;REGIGN;Passeriformes;Sylvides;Roitelet a  triple bandeau;Regulus ignicapillus;TRUE;milieux forestiers;oui;Regulus ignicapillus;TRUE
REGREG;REGREG;Passeriformes;Sylvides;Roitelet huppe;Regulus regulus;TRUE;milieux forestiers;oui;Regulus regulus;TRUE
REMPEN;REMPEN;Passeriformes;Remizides;Remiz penduline;Remiz pendulinus;FALSE;non;oui;Remiz pendulinus;FALSE
RHOGIT;RHOGIT;Passeriformes;Fringillides;Roselin githagine;Rhodopechys githaginea;FALSE;non;oui;Rhodopechys githaginea;FALSE
RHOROS;RHOROS;Charadriiformes;Larides;Mouette de Ross;Rhodostethia rosea;FALSE;non;oui;Rhodostethia rosea;FALSE
RIPRIP;RIPRIP;Passeriformes;Hirundinides;Hirondelle de rivage;Riparia riparia;FALSE;non;oui;Riparia riparia;TRUE
RISTRI;RISTRI;Charadriiformes;Larides;Mouette tridactyle;Rissa tridactyla;FALSE;non;oui;Rissa tridactyla;FALSE
ROSBEN;ROSBEN;Scolopacides;Scolopacides;Becassine peinte;Rostratula bengalensis;FALSE;non;oui;Rostratula bengalensis;FALSE
SAXRUB;SAXRUB;Passeriformes;Turdides;Tarier des pres;Saxicola rubetra;TRUE;milieux agricoles;oui;Saxicola rubetra;TRUE
SAXTOR;SAXTOR;Passeriformes;Turdides;Tarier patre;Saxicola torquata;TRUE;milieux agricoles;oui;Saxicola torquata;TRUE
SCORUS;SCORUS;Charadriiformes;Scolopacides;Becasse des bois;Scolopax rusticola;FALSE;non;oui;Scolopax rusticola;FALSE
SEINOV;SEINOV;Passeriformes;Parulides;Paruline des ruisseaux;Seiurus noveboracensis;FALSE;non;oui;Seiurus noveboracensis Gmelin;FALSE
SERCIT;SERCIT;Passeriformes;Fringillides;Venturon montagnard;Serinus citrinella;FALSE;non;oui;Serinus citrinella;TRUE
SERCOR;SERCOR;Passeriformes;Fringillides;Venturon corse;Serinus corsicanus;FALSE;non;oui;Serinus corsicanus;FALSE
SERSER;SERSER;Passeriformes;Fringillides;Serin cini;Serinus serinus;TRUE;milieux batis;oui;Serinus serinus;TRUE
SETRUT;SETRUT;Passeriformes;Parulides;Paruline flamboyante;Setophaga ruticilla;FALSE;non;oui;Setophaga ruticilla;FALSE
SITEUR;SITEUR;Passeriformes;Sittides;Sittelle torchepot;Sitta europaea;TRUE;milieux forestiers;oui;Sitta europaea;TRUE
SITNEU;SITNEU;Passeriformes;Sittides;Sittelle des rochers;Sitta neumayer;FALSE;non;oui;Sitta neumayer;FALSE
SITWHI;SITWHI;Passeriformes;Sittides;Sittelle corse;Sitta whiteheadi;FALSE;non;oui;Sitta whiteheadi Sharpe;FALSE
SOMMOL;SOMMOL;Anseriformes;Anatides;Eider a  duvet;Somateria mollissima;FALSE;non;oui;Somateria mollissima;FALSE
STEALB;STEALB;Charadriiformes;Sternides;Sterne naine;Sterna albifrons;FALSE;non;oui;Sterna albifrons Pallas;FALSE
STEANA;STEANA;Charadriiformes;Sternides;Sterne bridee;Sterna anaethetus;FALSE;non;oui;Sterna anaethetus Scopoli;FALSE
STEBEN;STEBEN;Charadriiformes;Sternides;Sterne voyageuse;Sterna bengalensis;FALSE;non;oui;Sterna bengalensis Lesson;FALSE
STECAS;STECAS;Charadriiformes;Sternides;Sterne caspienne;Sterna caspia;FALSE;non;oui;Sterna caspia Pallas;FALSE
STECUS;STECUS;Charadriiformes;Stercorariides;Labbe parasite;Stercorarius parasiticus;FALSE;non;oui;Stercorarius parasiticus;FALSE
STEDOU;STEDOU;Charadriiformes;Sternides;Sterne de Dougall;Sterna dougallii;FALSE;non;oui;Sterna dougallii Montagu;FALSE
STEELE;STEELE;Charadriiformes;Sternides;Sterne elegante;Sterna elegans;FALSE;non;oui;Sterna elegans Gambel;FALSE
STEFUS;STEFUS;Charadriiformes;Sternides;Sterne fuligineuse;Sterna fuscata;FALSE;non;oui;Sterna fuscata;FALSE
STEHIR;STEHIR;Charadriiformes;Sternides;Sterne pierregarin;Sterna hirundo;FALSE;non;oui;Sterna hirundo;TRUE
STELON;STELON;Charadriiformes;Stercorariides;Labbe a  longue queue;Stercorarius longicaudus;FALSE;non;oui;Stercorarius longicaudus Vieillot;FALSE
STEMAX;STEMAX;Sternides;Sternides;Sterne royale;Sterna maxima;FALSE;non;oui;Sterna maxima;FALSE
STEPAR;STEPAR;Charadriiformes;Sternides;Sterne arctique;Sterna paradisaea;FALSE;non;oui;Sterna paradisaea Pontropp;FALSE
STEPOM;STEPOM;Charadriiformes;Stercorariides;Labbe pomarin;Stercorarius pomarinus;FALSE;non;oui;Stercorarius pomarinus;FALSE
STESAN;STESAN;Charadriiformes;Sternides;Sterne caugek;Sterna sandvicensis;FALSE;non;oui;Sterna sandvicensis Latham;FALSE
STESKU;STESKU;Charadriiformes;Stercorariides;Grand Labbe;Stercorarius skua;FALSE;non;oui;Stercorarius skua;FALSE
STRALU;STRALU;Strigiformes;Strigides;Chouette hulotte;Strix aluco;FALSE;non;oui;Strix aluco;FALSE
STRDEC;STRDEC;Columbiformes;Columbides;Tourterelle turque;Streptopelia decaocto;TRUE;milieux batis;oui;Streptopelia decaocto;TRUE
STRNEB;STRNEB;Strigiformes;Strigides;Chouette lapone;Strix nebulosa;FALSE;non;oui;Strix nebulosa;FALSE
STRORI;STRORI;Columbiformes;Columbides;Tourterelle orientale;Streptopelia orientalis;FALSE;non;oui;Streptopelia orientalis;FALSE
STRROS;STRROS;Columbiformes;Columbidae;Tourterelle rieuse;Streptopelia roseogrisea;FALSE;non;oui;Streptopelia roseogrisea;FALSE
STRSEN;STRSEN;Columbiformes;Columbides;Tourterelle maillee;Streptopelia senegalensis;FALSE;non;oui;Streptopelia senegalensis;FALSE
STRTUR;STRTUR;Columbiformes;Columbides;Tourterelle des bois;Streptopelia turtur;FALSE;non;oui;Streptopelia turtur;TRUE
STRURA;STRURA;Strigiformes;Strigides;Chouette de l'Oural;Strix uralensis;FALSE;non;oui;Strix uralensis;FALSE
STUROS;STUROS;Passeriformes;Sturnides;etourneau roselin;Sturnus roseus;FALSE;non;oui;Sturnus roseus;FALSE
STUUNI;STUUNI;Passeriformes;Sturnides;etourneau unicolore;Sturnus unicolor;FALSE;non;oui;Sturnus unicolor Temminck;FALSE
STUVUL;STUVUL;Passeriformes;Sturnides;etourneau sansonnet;Sturnus vulgaris;FALSE;non;oui;Sturnus vulgaris;TRUE
SULBAS;SULBAS;Pelecaniformes;Sulides;Fou de Bassan;Sula bassana;FALSE;non;oui;Sula bassana;FALSE
SURULU;SURULU;Strigiformes;Strigides;Chouette eperviere;Surnia ulula;FALSE;non;oui;Surnia ulula;FALSE
SYLATR;SYLATR;Passeriformes;Sylvides;Fauvette a  tete noire;Sylvia atricapilla;TRUE;generaliste;oui;Sylvia atricapilla;TRUE
SYLBOR;SYLBOR;Passeriformes;Sylvides;Fauvette des jardins;Sylvia borin;FALSE;non;oui;Sylvia borin;TRUE
SYLCAN;SYLCAN;Passeriformes;Sylvides;Fauvette passerinette;Sylvia cantillans;FALSE;non;oui;Sylvia cantillans;TRUE
SYLCOM;SYLCOM;Passeriformes;Sylvides;Fauvette grisette;Sylvia communis;TRUE;milieux agricoles;oui;Sylvia communis Latham;TRUE
SYLCON;SYLCON;Passeriformes;Sylvides;Fauvette a  lunettes;Sylvia conspicillata;FALSE;non;oui;Sylvia conspicillata Temminck;FALSE
SYLCUR;SYLCUR;Passeriformes;Sylvides;Fauvette babillarde;Sylvia curruca;FALSE;non;oui;Sylvia curruca;TRUE
SYLHOR;SYLHOR;Passeriformes;Sylvides;Fauvette orphee;Sylvia hortensis;FALSE;non;oui;Sylvia hortensis;TRUE
SYLMEL;SYLMEL;Passeriformes;Sylvides;Fauvette melanocephale;Sylvia melanocephala;TRUE;milieux forestiers;oui;Sylvia melanocephala;TRUE
SYLNIS;SYLNIS;Passeriformes;Sylvides;Fauvette eperviere;Sylvia nisoria;FALSE;non;oui;Sylvia nisoria;FALSE
SYLRUE;SYLRUE;Passeriformes;Sylvides;Fauvette de Rüppell;Sylvia rueppelli;FALSE;non;oui;Sylvia rueppelli;FALSE
SYLSAR;SYLSAR;Passeriformes;Sylvides;Fauvette sarde;Sylvia sarda;FALSE;non;oui;Sylvia sarda Temminck;FALSE
SYLUND;SYLUND;Passeriformes;Sylvides;Fauvette pitchou;Sylvia undata;FALSE;non;oui;Sylvia undata;TRUE
SYRPAR;SYRPAR;Pteroclidides;Pteroclidides;Syrrhapte paradoxal;Syrrhaptes paradoxus;FALSE;non;oui;Syrrhaptes paradoxus;FALSE
SYRREE;SYRREE;Galliformes;Phasianides;Faisan venere;Syrmaticus reevesii;FALSE;non;oui;Syrmaticus reevesii;FALSE
TACRUF;TACRUF;Podicipediformes;Podicipedides;Grebe castagneux;Tachybaptus ruficollis;FALSE;non;oui;Tachybaptus ruficollis;TRUE
TADFER;TADFER;Anseriformes;Anatides;Tadorne casarca;Tadorna ferruginea;FALSE;non;oui;Tadorna ferruginea;FALSE
TADTAD;TADTAD;Anseriformes;Anatides;Tadorne de Belon;Tadorna tadorna;FALSE;non;oui;Tadorna tadorna;TRUE
TARCYA;TARCYA;Passeriformes;Turdides;Robin a  flancs roux;Tarsiger cyanurus;FALSE;non;oui;Tarsiger cyanurus;FALSE
TETRAX;TETRAX;Gruiformes;Otidides;Outarde canepetiere;Tetrax tetrax;FALSE;non;oui;Tetrax tetrax;TRUE
TETRIX;TETRIX;Galliformes;Tetraonides;Tetras lyre;Tetrao tetrix;FALSE;non;oui;Tetrao tetrix;TRUE
TETURO;TETURO;Galliformes;Tetraonides;Grand Tetras;Tetrao urogallus;FALSE;non;oui;Tetrao urogallus;FALSE
THRAET;THRAET;Ciconiiformes;Threskiornithides;Ibis sacre;Threskiornis aethiopicus;FALSE;non;oui;Threskiornis aethiopicus;TRUE
TICMUR;TICMUR;Passeriformes;Tichodronides;Tichodrome echelette;Tichodroma muraria;FALSE;non;oui;Tichodroma muraria;FALSE
TORTRA;TORTRA;Accipitriformes;Accipitrides;Vautour oricou;Torgos tracheliotus;FALSE;non;oui;Torgos tracheliotus;FALSE
TRICIN;TRICIN;Charadriiformes;Scolopacides;Chevalier bargette;Tringa cinerea;FALSE;non;oui;Tringa cinerea;FALSE
TRIERY;TRIERY;Charadriiformes;Scolopacides;Chevalier arlequin;Tringa erythropus;FALSE;non;oui;Tringa erythropus;FALSE
TRIFLA;TRIFLA;Charadriiformes;Scolopacides;Chevalier a  pattes jaunes;Tringa flavipes;FALSE;non;oui;Tringa flavipes;FALSE
TRIGLA;TRIGLA;Charadriiformes;Scolopacides;Chevalier sylvain;Tringa glareola;FALSE;non;oui;Tringa glareola;FALSE
TRIMEL;TRIMEL;Charadriiformes;Scolopacides;Chevalier criard;Tringa melanoleuca;FALSE;non;oui;Tringa melanoleuca;FALSE
TRINEB;TRINEB;Charadriiformes;Scolopacides;Chevalier aboyeur;Tringa nebularia;FALSE;non;oui;Tringa nebularia;FALSE
TRIOCH;TRIOCH;Charadriiformes;Scolopacides;Chevalier culblanc;Tringa ochropus;FALSE;non;oui;Tringa ochropus;FALSE
TRISOL;TRISOL;Charadriiformes;Scolopacides;Chevalier solitaire;Tringa solitaria;FALSE;non;oui;Tringa solitaria Wilson;FALSE
TRISTA;TRISTA;Charadriiformes;Scolopacides;Chevalier stagnatile;Tringa stagnatilis;FALSE;non;oui;Tringa stagnatilis;FALSE
TRITOT;TRITOT;Charadriiformes;Scolopacides;Chevalier gambette;Tringa totanus;FALSE;non;oui;Tringa totanus;TRUE
TROTRO;TROTRO;Passeriformes;Troglodytides;Troglodyte mignon;Troglodytes troglodytes;TRUE;milieux forestiers;oui;Troglodytes troglodytes;TRUE
TRYSUB;TRYSUB;Charadriiformes;Scolopacides;Becasseau rousset;Tryngites subruficollis;FALSE;non;oui;Tryngites subruficollis;FALSE
TURDUS;TURDUS;Passeriformes;Turdides;Turdide;Turdus ;FALSE;non;non;Turdus;FALSE
TURILI;TURILI;Passeriformes;Turdides;Grive mauvis;Turdus iliacus;FALSE;non;oui;Turdus iliacus;FALSE
TURMER;TURMER;Passeriformes;Turdides;Merle noir;Turdus merula;TRUE;generaliste;oui;Turdus merula;TRUE
TURNAU;TURNAU;Passeriformes;Turdides;Grive de Naumann;Turdus naumanni;FALSE;non;oui;Turdus naumanni Temminck;FALSE
TUROBS;TUROBS;Passeriformes;Turdides;Grive obscure;Turdus obscurus;FALSE;non;oui;Turdus obscurus Gmelin;FALSE
TURPHI;TURPHI;Passeriformes;Turdides;Grive musicienne;Turdus philomelos;TRUE;milieux forestiers;oui;Turdus philomelos Brehm;TRUE
TURPIL;TURPIL;Passeriformes;Turdides;Grive litorne;Turdus pilaris;FALSE;non;oui;Turdus pilaris;TRUE
TURRUF;TURRUF;Passeriformes;Turdides;Grive a  gorge noire ou rousse;Turdus ruficollis;FALSE;non;oui;Turdus ruficollis Pallas;FALSE
TURSYL;TURSYL;Galliformes;Turnicides;Turnix d'Andalousie;Turnix sylvatica;FALSE;non;oui;Turnix sylvatica;FALSE
TURTOR;TURTOR;Passeriformes;Turdides;Merle a  plastron;Turdus torquatus;FALSE;non;oui;Turdus torquatus;TRUE
TURVIS;TURVIS;Passeriformes;Turdides;Grive draine;Turdus viscivorus;TRUE;milieux forestiers;oui;Turdus viscivorus;TRUE
TYTALB;TYTALB;Strigiformes;Tytonides;Effraie des clochers;Tyto alba;FALSE;non;oui;Tyto alba;FALSE
UPUEPO;UPUEPO;Coraciiformes;Upupides;Huppe fasciee;Upupa epops;TRUE;milieux agricoles;oui;Upupa epops;TRUE
URIAAL;URIAAL;Charadriiformes;Alcides;Guillemot de Troïl;Uria aalge;FALSE;non;oui;Uria aalge;FALSE
URILOM;URILOM;Charadriiformes;Alcides;Guillemot de Brünnich;Uria lomvia;FALSE;non;oui;Uria lomvia;FALSE
VANVAN;VANVAN;Charadriiformes;Charadriides;Vanneau huppe;Vanellus vanellus;TRUE;milieux agricoles;oui;Vanellus vanellus;TRUE
VIROLI;VIROLI;Passeriformes;Vireonides;Vireo a  oeil rouge;Vireo olivaceus;FALSE;non;oui;Vireo olivaceus;FALSE
XENCIN;XENCIN;Charadriiformes;Scolopacides;Bargette du Terek;Xenus cinereus;FALSE;non;oui;Xenus cinereus;FALSE
ZOODAU;ZOODAU;Passeriformes;Turdides;Grive doree;Zoothera dauma;FALSE;non;oui;Zoothera dauma;FALSE
ZOOSIB;ZOOSIB;Passeriformes;Turdides;Grive de Siberie;Zoothera sibirica;FALSE;non;oui;Zoothera sibirica;FALSE

