;sp;ordre;famille;nom;nomscientific;indicateur;specialisation;especeOiseaux;nomscientific_long;shortlist
ACCGEN;ACCGEN;Accipitriformes;Accipitridés;Autour des palombes;Accipiter gentilis;FALSE;non;oui;Accipiter gentilis;TRUE
ACCNIS;ACCNIS;Accipitriformes;Accipitridés;Epervier d'Europe;Accipiter nisus;FALSE;non;oui;Accipiter nisus;TRUE
ACRAGR;ACRAGR;Passériformes;Sylvidés;Rousserolle isabelle;Acrocephalus agricola;FALSE;non;oui;Acrocephalus agricola;FALSE
ACRARU;ACRARU;Passériformes;Sylvidés;Rousserolle turdoïde;Acrocephalus arundinaceus;FALSE;non;oui;Acrocephalus arundinaceus;TRUE
ACRDUM;ACRDUM;Passériformes;Sylvidés;Rousserolle des buissons;Acrocephalus dumetorum;FALSE;non;oui;Acrocephalus dumetorum Blyth;FALSE
ACRMEL;ACRMEL;Passériformes;Sylvidés;Lusciniole à  moustaches;Acrocephalus melanopogon;FALSE;non;oui;Acrocephalus melanopogon;FALSE
ACRPAL;ACRPAL;Passériformes;Sylvidés;Phragmite aquatique;Acrocephalus paludicola;FALSE;non;oui;Acrocephalus paludicola;FALSE
ACRRIS;ACRRIS;Passériformes;Sylvidés;Rousserolle verderolle;Acrocephalus palustris;FALSE;non;oui;Acrocephalus palustris;TRUE
ACRSCH;ACRSCH;Passériformes;Sylvidés;Phragmite des joncs;Acrocephalus schoenobaenus;FALSE;non;oui;Acrocephalus schoenobaenus;TRUE
ACRSCI;ACRSCI;Passériformes;Sylvidés;Rousserolle effarvate;Acrocephalus scirpaceus;FALSE;non;oui;Acrocephalus scirpaceus;TRUE
ACTHYP;ACTHYP;Charadriiformes;Scolopacidés;Chevalier guignette;Actitis hypoleucos;FALSE;non;oui;Actitis hypoleucos;TRUE
ACTMAC;ACTMAC;Charadriiformes;Scolopacidés;Chevalier grivelé;Actitis macularia;FALSE;non;oui;Actitis macularia;FALSE
AEGCAU;AEGCAU;Passériformes;Aagithalidés;Mésange à  longue queue;Aegithalos caudatus;FALSE;non;oui;Aegithalos caudatus;TRUE
AEGFUN;AEGFUN;Strigiformes;Strigidés;Chouette de Tengmalm;Aegolius funereus;FALSE;non;oui;Aegolius funereus;FALSE
AEGMON;AEGMON;Accipitriformes;Accipitridés;Vautour moine;Aegypius monachus;FALSE;non;oui;Aegypius monachus;FALSE
AGAROS;AGAROS;Psittaciformes;Psittacidés;Inséparable rosegorge;Agapornis roseicollis;FALSE;non;oui;Agapornis roseicollis;FALSE
AIXGAL;AIXGAL;Ansériformes;Anatidés;Canard mandarin;Aix galericulata;FALSE;non;oui;Aix galericulata;FALSE
AIXSPO;AIXSPO;Ansériformes;Anatidés;Canard carolin;Aix sponsa;FALSE;non;oui;Aix sponsa;FALSE
ALAARV;ALAARV;Passériformes;Alaudidés;Alouette des champs;Alauda arvensis;TRUE;milieux agricoles;oui;Alauda arvensis;TRUE
ALCATT;ALCATT;Coraciiformes;Alcédinidés;Martin-pêcheur d'Europe;Alcedo atthis;FALSE;non;oui;Alcedo atthis;TRUE
ALCTOR;ALCTOR;Charadriiformes;Alcidés;Pingouin torda;Alca torda;FALSE;non;oui;Alca torda;FALSE
ALEBAR;ALEBAR;Galliformes;Phasianidés;Perdrix gambra;Alectoris barbara;FALSE;non;oui;Alectoris barbara;FALSE
ALECHU;ALECHU;Galliformes;Phasianidés;Perdrix choukar;Alectoris chukar;FALSE;non;oui;Alectoris chukar;FALSE
ALEGRA;ALEGRA;Galliformes;Phasianidés;Perdrix bartavelle;Alectoris graeca;FALSE;non;oui;Alectoris graeca;FALSE
ALERUF;ALERUF;Galliformes;Phasianidés;Perdrix rouge;Alectoris rufa;TRUE;milieux agricoles;oui;Alectoris rufa;TRUE
ALLALL;ALLALL;Charadriiformes;Alcidés;Mergule nain;Alle alle;FALSE;non;oui;Alle alle;FALSE
ALOAEG;ALOAEG;Ansériformes;Anatidés;Ouette d'Egypte;Alopochen aegyptiacus;FALSE;non;oui;Alopochen aegyptiacus;FALSE
ANAACU;ANAACU;Ansériformes;Anatidés;Canard pilet;Anas acuta;FALSE;non;oui;Anas acuta;FALSE
ANAAME;ANAAME;Ansériformes;Anatidés;Canard à  front blanc;Anas americana;FALSE;non;oui;Anas americana Gmelin;FALSE
ANACLY;ANACLY;Ansériformes;Anatidés;Canard souchet;Anas clypeata;FALSE;non;oui;Anas clypeata;FALSE
ANACRE;ANACRE;Ansériformes;Anatidés;Sarcelle d'hiver;Anas crecca;FALSE;non;oui;Anas crecca;FALSE
ANADIS;ANADIS;Ansériformes;Anatidés;Sarcelle à  ailes bleues;Anas discors;FALSE;non;oui;Anas discors;FALSE
ANAFOR;ANAFOR;Ansériformes;Anatidés;Sarcelle élégante;Anas formosa;FALSE;non;oui;Anas formosa Georgi;FALSE
ANAPEN;ANAPEN;Ansériformes;Anatidés;Canard siffleur;Anas penelope;FALSE;non;oui;Anas penelope;FALSE
ANAPLA;ANAPLA;Ansériformes;Anatidés;Canard colvert;Anas platyrhynchos;FALSE;non;oui;Anas platyrhynchos;TRUE
ANAQUE;ANAQUE;Ansériformes;Anatidés;Sarcelle d'été;Anas querquedula;FALSE;non;oui;Anas querquedula;FALSE
ANARUB;ANARUB;Ansériformes;Anatidés;Canard noir;Anas rubripes;FALSE;non;oui;Anas rubripes Brewster;FALSE
ANASTR;ANASTR;Ansériformes;Anatidés;Canard chipeau;Anas strepera;FALSE;non;oui;Anas strepera;FALSE
ANSALB;ANSALB;Ansériformes;Anatidés;Oie rieuse;Anser albifrons;FALSE;non;oui;Anser albifrons;FALSE
ANSANS;ANSANS;Ansériformes;Anatidés;Oie cendrée;Anser anser;FALSE;non;oui;Anser anser;FALSE
ANSBRA;ANSBRA;Ansériformes;Anatidés;Oie à  bec court;Anser brachyrhynchus;FALSE;non;oui;Anser brachyrhynchus Baillon;FALSE
ANSCAE;ANSCAE;Ansériformes;Anatidés;Oie des neiges;Anser caerulescens;FALSE;non;oui;Anser caerulescens;FALSE
ANSERY;ANSERY;Ansériformes;Anatidés;Oie naine;Anser erythropus;FALSE;non;oui;Anser erythropus;FALSE
ANSFAB;ANSFAB;Ansériformes;Anatidés;Oie des moissons;Anser fabalis;FALSE;non;oui;Anser fabalis;FALSE
ANSIND;ANSIND;Anatidés;Anatidés;Oie à  tête barrée;Anser indicus;FALSE;non;oui;Anser indicus;FALSE
ANTCAM;ANTCAM;Passériformes;Motacillidés;Pipit rousseline;Anthus campestris;TRUE;milieux agricoles;oui;Anthus campestris;TRUE
ANTCER;ANTCER;Passériformes;Motacillidés;Pipit à  gorge rousse;Anthus cervinus;FALSE;non;oui;Anthus cervinus;FALSE
ANTGUS;ANTGUS;Passériformes;Motacillidés;Pipit de la Petchora;Anthus gustavi;FALSE;non;oui;Anthus gustavi Swinhoe;FALSE
ANTHOD;ANTHOD;Passériformes;Motacillidés;Pipit à  dos olive;Anthus hodgsoni;FALSE;non;oui;Anthus hodgsoni Richmond;FALSE
ANTPET;ANTPET;Passériformes;Motacillidés;Pipit maritime;Anthus petrosus;FALSE;non;oui;Anthus petrosus;FALSE
ANTPRA;ANTPRA;Passériformes;Motacillidés;Pipit farlouse;Anthus pratensis;TRUE;milieux agricoles;oui;Anthus pratensis;TRUE
ANTRIC;ANTRIC;Passériformes;Motacillidés;Pipit de Richard;Anthus richardi;FALSE;non;oui;Anthus richardi Vieillot;FALSE
ANTSPI;ANTSPI;Passériformes;Motacillidés;Pipit spioncelle;Anthus spinoletta;FALSE;non;oui;Anthus spinoletta;TRUE
ANTTRI;ANTTRI;Passériformes;Motacillidés;Pipit des arbres;Anthus trivialis;FALSE;non;oui;Anthus trivialis;TRUE
APUAPU;APUAPU;Apodiformes;Apodidés;Martinet noir;Apus apus;TRUE;milieux batis;oui;Apus apus;TRUE
APUCAF;APUCAF;Apodiformes;Apodidés;Martinet cafre;Apus caffer;FALSE;non;oui;Apus caffer;FALSE
APUMEL;APUMEL;Apodiformes;Apodidés;Martinet à  ventre blanc;Apus melba;FALSE;non;oui;Apus melba;TRUE
APUPAL;APUPAL;Apodiformes;Apodidés;Martinet pale;Apus pallidus;FALSE;non;oui;Apus pallidus;FALSE
AQUADA;AQUADA;Accipitriformes;Accipitridés;Aigle ibérique;Aquila adalberti;FALSE;non;oui;Aquila adalbert;FALSE
AQUCHR;AQUCHR;Accipitriformes;Accipitridés;Aigle royal;Aquila chrysaetos;FALSE;non;oui;Aquila chrysaetos;FALSE
AQUCLA;AQUCLA;Accipitriformes;Accipitridés;Aigle criard;Aquila clanga;FALSE;non;oui;Aquila clang;FALSE
AQUHEL;AQUHEL;Accipitriformes;Accipitridés;Aigle impérial;Aquila heliaca;FALSE;non;oui;Aquila heliaca;FALSE
AQUNIP;AQUNIP;Accipitriformes;Accipitridés;Aigle des steppes;Aquila nipalensis;FALSE;non;oui;Aquila nipalensis;FALSE
AQUPOM;AQUPOM;Accipitriformes;Accipitridés;Aigle pomarin;Aquila pomarina;FALSE;non;oui;Aquila pomarina;FALSE
ARDCIN;ARDCIN;Ciconiiformes;Ardéidés;Héron cendré;Ardea cinerea;FALSE;non;oui;Ardea cinerea;TRUE
ARDMEL;ARDMEL;Ciconiiformes;Ardéidés;Héron mélanocéphale;Ardea melanocephala;FALSE;non;oui;Ardea melanocephala Vig. et Ch.;FALSE
ARDPUR;ARDPUR;Ciconiiformes;Ardéidés;Héron pourpré;Ardea purpurea;FALSE;non;oui;Ardea purpurea;TRUE
ARDRAL;ARDRAL;Ciconiiformes;Ardéidés;Crabier chevelu;Ardeola ralloides;FALSE;non;oui;Ardeola ralloides;FALSE
AREINT;AREINT;Charadriiformes;Scolopacidés;Tournepierre à  collier;Arenaria interpres;FALSE;non;oui;Arenaria interpres;FALSE
ASIFLA;ASIFLA;Strigiformes;Strigidés;Hibou des marais;Asio flammeus;FALSE;non;oui;Asio flammeus;FALSE
ASIOTU;ASIOTU;Strigiformes;Strigidés;Hibou moyen-duc;Asio otus;FALSE;non;oui;Asio otus;FALSE
ATHNOC;ATHNOC;Strigiformes;Strigidés;Chevêche d'Athéna;Athene noctua;FALSE;non;oui;Athene noctua;TRUE
AYTAFF;AYTAFF;Ansériformes;Anatidés;Fuligule à  tête noire;Aythya affinis;FALSE;non;oui;Aythya affinis;FALSE
AYTCOL;AYTCOL;Ansériformes;Anatidés;Fuligule à  bec cerclé;Aythya collaris;FALSE;non;oui;Aythya collaris;FALSE
AYTFER;AYTFER;Ansériformes;Anatidés;Fuligule milouin;Aythya ferina;FALSE;non;oui;Aythya ferina;FALSE
AYTFUL;AYTFUL;Ansériformes;Anatidés;Fuligule morillon;Aythya fuligula;FALSE;non;oui;Aythya fuligula;FALSE
AYTMAR;AYTMAR;Ansériformes;Anatidés;Fuligule milouinan;Aythya marila;FALSE;non;oui;Aythya marila;FALSE
AYTNYR;AYTNYR;Ansériformes;Anatidés;Fuligule nyroca;Aythya nyroca;FALSE;non;oui;Aythya nyroca;FALSE
BARLON;BARLON;Charadriiformes;Scolopacidés;Bartramie des champs;Bartramia longicauda;FALSE;non;oui;Bartramia longicauda;FALSE
BOMGAR;BOMGAR;Passériformes;Bombycillidés;Jaseur boréal;Bombycilla garrulus;FALSE;non;oui;Bombycilla garrulus;FALSE
BONBON;BONBON;Galliformes;Tétraonidés;Gélinotte des bois;Bonasa bonasia;FALSE;non;oui;Bonasa bonasia;FALSE
BOTSTE;BOTSTE;Ciconiiformes;Ardéidés;Butor étoilé;Botaurus stellaris;FALSE;non;oui;Botaurus stellaris;FALSE
BRABER;BRABER;Ansériformes;Anatidés;Bernache cravant;Branta bernicla;FALSE;non;oui;Branta bernicla;FALSE
BRACAN;BRACAN;Ansériformes;Anatidés;Bernache du Canada;Branta canadensis;FALSE;non;oui;Branta canadensis;FALSE
BRALEU;BRALEU;Ansériformes;Anatidés;Bernache nonnette;Branta leucopsis;FALSE;non;oui;Branta leucopsis;FALSE
BRARUF;BRARUF;Ansériformes;Anatidés;Bernache à  cou roux;Branta ruficollis;FALSE;non;oui;Branta ruficollis;FALSE
BUBBUB;BUBBUB;Strigiformes;Strigidés;Grand-duc d'Europe;Bubo bubo;FALSE;non;oui;Bubo bubo;FALSE
BUBIBI;BUBIBI;Ciconiiformes;Ardéidés;Héron garde-boeufs;Bubulcus ibis;FALSE;non;oui;Bubulcus ibis;TRUE
BUCCLA;BUCCLA;Ansériformes;Anatidés;Garrot à  oeil d'or;Bucephala clangula;FALSE;non;oui;Bucephala clangula;FALSE
BUCISL;BUCISL;Ansériformes;Anatidés;Garrot d'Islande;Bucephala islandica;FALSE;non;oui;Bucephala islandica;FALSE
BULBUL;BULBUL;Procellariiformes;Procéllariidés;Pétrel de Bulwer;Bulweria bulwerii;FALSE;non;oui;Bulweria bulwerii;FALSE
BUROED;BUROED;Charadriiformes;Burhinidés;Oedicnème criard;Burhinus oedicnemus;FALSE;non;oui;Burhinus oedicnemus;TRUE
BUTBUT;BUTBUT;Accipitriformes;Accipitridés;Buse variable;Buteo buteo;TRUE;milieux agricoles;oui;Buteo buteo;TRUE
BUTLAG;BUTLAG;Accipitriformes;Accipitridés;Buse pattue;Buteo lagopus;FALSE;non;oui;Buteo lagopus;FALSE
BUTRUF;BUTRUF;Accipitriformes;Accipitridés;Buse féroce;Buteo rufinus;FALSE;non;oui;Buteo rufinus;FALSE
BUTVIR;BUTVIR;Ciconiiformes;Ardéidés;Héron vert;Butorides virescens;FALSE;non;oui;Butorides virescens;FALSE
CALACU;CALACU;Charadriiformes;Scolopacidés;Bécasseau à  queue pointue;Calidris acuminata;FALSE;non;oui;Calidris acuminata;FALSE
CALALB;CALALB;Charadriiformes;Scolopacidés;Bécasseau sanderling;Calidris alba;FALSE;non;oui;Calidris alba;FALSE
CALALP;CALALP;Charadriiformes;Scolopacidés;Bécasseau variable;Calidris alpina;FALSE;non;oui;Calidris alpina;FALSE
CALBAI;CALBAI;Charadriiformes;Scolopacidés;Bécasseau de Baird;Calidris bairdii;FALSE;non;oui;Calidris bairdii;FALSE
CALBRA;CALBRA;Passériformes;Alaudidés;Alouette calandrelle;Calandrella brachydactyla;FALSE;non;oui;Calandrella brachydactyla;FALSE
CALCAL;CALCAL;Galliformes;Phasianidés;Colin de Californie;Callipepla californica;FALSE;non;oui;Callipepla californica;FALSE
CALCAN;CALCAN;Charadriiformes;Scolopacidés;Bécasseau maubèche;Calidris canutus;FALSE;non;oui;Calidris canutus;FALSE
CALDIO;CALDIO;Procellariiformes;Procéllariidés;Puffin cendré;Calonectris diomedea;FALSE;non;oui;Calonectris diomedea;FALSE
CALFER;CALFER;Charadriiformes;Scolopacidés;Bécasseau cocorli;Calidris ferruginea;FALSE;non;oui;Calidris ferruginea;FALSE
CALFUS;CALFUS;Charadriiformes;Scolopacidés;Bécasseau de Bonaparte;Calidris fuscicollis;FALSE;non;oui;Calidris fuscicollis;FALSE
CALLAP;CALLAP;Passériformes;Embérizidés;Bruant lapon;Calcarius lapponicus;FALSE;non;oui;Calcarius lapponicus;FALSE
CALLIS;CALLIS;Charadriiformes;Scolopacidés;Bécasseau à  cou roux;Calidris ruficollis;FALSE;non;oui;Calidris ruficollis Wagler;FALSE
CALLLA;CALLLA;Charadriiformes;Scolopacidés;Bécasseau minuscule;Calidris minutilla;FALSE;non;oui;Calidris minutilla;FALSE
CALMAR;CALMAR;Charadriiformes;Scolopacidés;Bécasseau violet;Calidris maritima;FALSE;non;oui;Calidris maritima;FALSE
CALMAU;CALMAU;Charadriiformes;Scolopacidés;Bécasseau d'Alaska;Calidris mauri;FALSE;non;oui;Calidris mauri;FALSE
CALMEL;CALMEL;Charadriiformes;Scolopacidés;Bécasseau tacheté;Calidris melanotos;FALSE;non;oui;Calidris melanotos;FALSE
CALMIN;CALMIN;Charadriiformes;Scolopacidés;Bécasseau minute;Calidris minuta;FALSE;non;oui;Calidris minuta;FALSE
CALPUS;CALPUS;Charadriiformes;Scolopacidés;Bécasseau semipalmé;Calidris pusilla;FALSE;non;oui;Calidris pusilla;FALSE
CALRUF;CALRUF;Passériformes;Alaudidés;Alouette pispolette;Calandrella rufescens;FALSE;non;oui;Calandrella rufescens;FALSE
CALTEM;CALTEM;Charadriiformes;Scolopacidés;Bécasseau de Temminck;Calidris temminckii;FALSE;non;oui;Calidris temminckii;FALSE
CAPEUR;CAPEUR;Caprimulgiformes;Caprimulgidés;Engoulevent d'Europe;Caprimulgus europaeus;FALSE;non;oui;Caprimulgus europaeus;FALSE
CAPRUF;CAPRUF;Caprimulgiformes;Caprimulgidés;Engoulevent à  collier roux;Caprimulgus ruficollis;FALSE;non;oui;Caprimulgus ruficollis Temminck;FALSE
CARCAN;CARCAN;Passériformes;Fringillidés;Linotte mélodieuse;Carduelis cannabina;TRUE;milieux agricoles;oui;Carduelis cannabina;TRUE
CARCAR;CARCAR;Passériformes;Fringillidés;Chardonneret élégant;Carduelis carduelis;TRUE;milieux batis;oui;Carduelis carduelis;TRUE
CARCHL;CARCHL;Passériformes;Fringillidés;Verdier d'Europe;Carduelis chloris;TRUE;milieux batis;oui;Carduelis chloris;TRUE
CARERY;CARERY;Passériformes;Fringillidés;Roselin cramoisi;Carpodacus erythrinus;FALSE;non;oui;Carpodacus erythrinus Pallas;FALSE
CARFLA;CARFLA;Passériformes;Fringillidés;Sizerin flammé;Carduelis flammea;FALSE;non;oui;Carduelis flammea;FALSE
CARHOR;CARHOR;Passériformes;Fringillidés;Sizerin blanchatre;Carduelis hornemanni;FALSE;non;oui;Carduelis hornemanni;FALSE
CARRIS;CARRIS;Passériformes;Fringillidés;Linotte à  bec jaune;Carduelis flavirostris;FALSE;non;oui;Carduelis flavirostris;FALSE
CARSPI;CARSPI;Passériformes;Fringillidés;Tarin des aulnes;Carduelis spinus;FALSE;non;oui;Carduelis spinus;FALSE
CATMIN;CATMIN;Passériformes;Turdidés;Grive à  joues grises;Catharus minimus;FALSE;non;oui;Catharus minimus;FALSE
CATSEM;CATSEM;Charadriiformes;Scolopacidés;Chevalier semi-palmé;Catoptrophorus semipalmatus;FALSE;non;oui;Catoptrophorus semipalmatus;FALSE
CATUST;CATUST;Passériformes;Turdidés;Grive à  dos olive;Catharus ustulatus;FALSE;non;oui;Catharus ustulatus;FALSE
CEPGRY;CEPGRY;Charadriiformes;Alcidés;Guillemot à  miroir;Cepphus grylle;FALSE;non;oui;Cepphus grylle;FALSE
CERBRA;CERBRA;Passériformes;Certhiidés;Grimpereau des jardins;Certhia brachydactyla;TRUE;milieux forestiers;oui;Certhia brachydactyla Brehm;TRUE
CERFAM;CERFAM;Passériformes;Certhiidés;Grimpereau des bois;Certhia familiaris;TRUE;milieux forestiers;oui;Certhia familiaris;TRUE
CERGAL;CERGAL;Passériformes;Turdidés;Agrobate roux;Cercotrichas galactotes;FALSE;non;oui;Cercotrichas galactotes;FALSE
CETCET;CETCET;Passériformes;Sylvidés;Bouscarle de Cetti;Cettia cetti;FALSE;non;oui;Cettia cetti;TRUE
CHAALE;CHAALE;Charadriiformes;Charadriidés;Gravelot à  collier interrompu;Charadrius alexandrinus;FALSE;non;oui;Charadrius alexandrinus;FALSE
CHAASI;CHAASI;Charadriiformes;Charadriidés;Pluvier asiatique;Charadrius asiaticus;FALSE;non;oui;Charadrius asiaticus Pallas;FALSE
CHADUB;CHADUB;Charadriiformes;Charadriidés;Petit Gravelot;Charadrius dubius;FALSE;non;oui;Charadrius dubius Scopoli;TRUE
CHAHIA;CHAHIA;Charadriiformes;Charadriidés;Grand Gravelot;Charadrius hiaticula;FALSE;non;oui;Charadrius hiaticula;FALSE
CHALES;CHALES;Charadriiformes;Charadriidés;Gravelot de Leschenault;Charadrius leschenaultii;FALSE;non;oui;Charadrius leschenaultii Lesson;FALSE
CHAMOR;CHAMOR;Charadriiformes;Charadriidés;Pluvier guignard;Eudromias morinellus;FALSE;non;oui;Eudromias morinellus;FALSE
CHAVOC;CHAVOC;Charadriiformes;Charadriidés;Gravelot kildir;Charadrius vociferus;FALSE;non;oui;Charadrius vociferus;FALSE
CHEDUP;CHEDUP;Passériformes;Alaudidés;Sirli de Dupont;Chersophilus duponti;FALSE;non;oui;Chersophilus duponti;FALSE
CHEGRE;CHEGRE;Charadriiformes;Charadriidés;Vanneau sociable;Chettusia gregaria;FALSE;non;oui;Chettusia gregaria;FALSE
CHELEU;CHELEU;Charadriiformes;Charadriidés;Vanneau à  queue blanche;Chettusia leucura;FALSE;non;oui;Chettusia leucura;FALSE
CHLHYB;CHLHYB;Charadriiformes;Sternidés;Guifette moustac;Chlidonias hybridus;FALSE;non;oui;Chlidonias hybridus;FALSE
CHLLEU;CHLLEU;Charadriiformes;Sternidés;Guifette leucoptère;Chlidonias leucopterus;FALSE;non;oui;Chlidonias leucopterus;FALSE
CHLNIG;CHLNIG;Charadriiformes;Sternidés;Guifette noire;Chlidonias niger;FALSE;non;oui;Chlidonias niger;FALSE
CHLUND;CHLUND;Gruiformes;Otididés;Outarde houbara;Chlamydotis undulata;FALSE;non;oui;Chlamydotis undulata;FALSE
CICCIC;CICCIC;Ciconiiformes;Ciconiidés;Cigogne blanche;Ciconia ciconia;FALSE;non;oui;Ciconia ciconia;TRUE
CICNIG;CICNIG;Ciconiiformes;Ciconiidés;Cigogne noire;Ciconia nigra;FALSE;non;oui;Ciconia nigra;FALSE
CINCIN;CINCIN;Passériformes;Cinclidés;Cincle plongeur;Cinclus cinclus;FALSE;non;oui;Cinclus cinclus;TRUE
CIRAER;CIRAER;Accipitriformes;Accipitridés;Busard des roseaux;Circus aeruginosus;FALSE;non;oui;Circus aeruginosus;TRUE
CIRCYA;CIRCYA;Accipitriformes;Accipitridés;Busard Saint-Martin;Circus cyaneus;FALSE;non;oui;Circus cyaneus;TRUE
CIRGAL;CIRGAL;Accipitriformes;Accipitridés;Circaète Jean-le-blanc;Circaetus gallicus;FALSE;non;oui;Circaetus gallicus;TRUE
CIRMAC;CIRMAC;Accipitriformes;Accipitridés;Busard pale;Circus macrourus;FALSE;non;oui;Circus macrourus;FALSE
CIRPYG;CIRPYG;Accipitriformes;Accipitridés;Busard cendré;Circus pygargus;FALSE;non;oui;Circus pygargus;TRUE
CISJUN;CISJUN;Passériformes;Sylvidés;Cisticole des joncs;Cisticola juncidis;FALSE;non;oui;Cisticola juncidis;TRUE
CLAGLA;CLAGLA;Cuculiformes;Cuculidés;Coucou geai;Clamator glandarius;FALSE;non;oui;Clamator glandarius;TRUE
CLAHYE;CLAHYE;Ansériformes;Anatidés;Harelde boréale;Clangula hyemalis;FALSE;non;oui;Clangula hyemalis;FALSE
COCAME;COCAME;Cuculiformes;Cuculidés;Coulicou à  bec jaune;Coccyzus americanus;FALSE;non;oui;Coccyzus americanus;FALSE
COCCOC;COCCOC;Passériformes;Fringillidés;Grosbec casse-noyaux;Coccothraustes coccothraustes;TRUE;milieux forestiers;oui;Coccothraustes coccothraustes;TRUE
COLLIV;COLLIV;Columbiformes;Columbidés;Pigeon biset;Columba livia;FALSE;non;oui;Columba livia Gmelin;TRUE
COLOEN;COLOEN;Columbiformes;Columbidés;Pigeon colombin;Columba oenas;FALSE;non;oui;Columba oenas;TRUE
COLPAL;COLPAL;Columbiformes;Columbidés;Pigeon ramier;Columba palumbus;TRUE;generaliste;oui;Columba palumbus;TRUE
COLVIR;COLVIR;Galliformes;Phasianidés;Colin de Virginie;Colinus virginianus;FALSE;non;oui;Colinus virginianus;FALSE
CORCOR;CORCOR;Passériformes;Corvidés;Corneille noire;Corvus corone;TRUE;generaliste;oui;Corvus corone;TRUE
CORDAU;CORDAU;Passériformes;Corvidés;Choucas de Daourie;Corvus dauuricus;FALSE;non;oui;Corvus dauuricus Pallas;FALSE
CORFRU;CORFRU;Passériformes;Corvidés;Corbeau freux;Corvus frugilegus;TRUE;milieux agricoles;oui;Corvus frugilegus;TRUE
CORGAR;CORGAR;Coraciiformes;Coraciidés;Rollier d'Europe;Coracias garrulus;FALSE;non;oui;Coracias garrulus;TRUE
CORMON;CORMON;Passériformes;Corvidés;Choucas des tours;Corvus monedula;TRUE;milieux batis;oui;Corvus monedula;TRUE
CORRAX;CORRAX;Passériformes;Corvidés;Grand Corbeau;Corvus corax;FALSE;non;oui;Corvus corax;TRUE
COTCOT;COTCOT;Galliformes;Phasianidés;Caille des blés;Coturnix coturnix;TRUE;milieux agricoles;oui;Coturnix coturnix;TRUE
CRECRE;CRECRE;Gruiformes;Rallidés;Rale des genêts;Crex crex;FALSE;non;oui;Crex crex;FALSE
CUCCAN;CUCCAN;Cuculiformes;Cuculidés;Coucou gris;Cuculus canorus;TRUE;generaliste;oui;Cuculus canorus;TRUE
CURCUR;CURCUR;Charadriiformes;Glaréolidés;Courvite isabelle;Cursorius cursor;FALSE;non;oui;Cursorius cursor;FALSE
CYACYA;CYACYA;Passériformes;Corvidés;Pie bleue;Cyanopica cyana;FALSE;non;oui;Cyanopica cyana;FALSE
CYGATR;CYGATR;Ansériformes;Anatidae;Cygne noir;Cygnus atratus;FALSE;non;oui;Cygnus atratus;FALSE
CYGCOL;CYGCOL;Ansériformes;Anatidés;Cygne de Bewick;Cygnus columbianus;FALSE;non;oui;Cygnus columbianus Yarrell;FALSE
CYGCYG;CYGCYG;Ansériformes;Anatidés;Cygne chanteur;Cygnus cygnus;FALSE;non;oui;Cygnus cygnus;FALSE
CYGOLO;CYGOLO;Ansériformes;Anatidés;Cygne tuberculé;Cygnus olor;FALSE;non;oui;Cygnus olor;TRUE
DELURB;DELURB;Passériformes;Hirundinidés;Hirondelle de fenêtre;Delichon urbica;TRUE;milieux batis;oui;Delichon urbica;TRUE
DENLEU;DENLEU;Piciformes;Picidés;Pic à  dos blanc;Dendrocopos leucotos;FALSE;non;oui;Dendrocopos leucotos;FALSE
DENMAJ;DENMAJ;Piciformes;Picidés;Pic épeiche;Dendrocopos major;TRUE;milieux forestiers;oui;Dendrocopos major;TRUE
DENMED;DENMED;Piciformes;Picidés;Pic mar;Dendrocopos medius;TRUE;milieux forestiers;oui;Dendrocopos medius;TRUE
DENMIN;DENMIN;Piciformes;Picidés;Pic épeichette;Dendrocopos minor;FALSE;non;oui;Dendrocopos minor;TRUE
DENSTR;DENSTR;Passériformes;Parulidés;Paruline rayée;Dendroica striata;FALSE;non;oui;Dendroica striata;FALSE
DENSYR;DENSYR;Piciformes;Picidés;Pic syriaque;Dendrocopos syriacus;FALSE;non;oui;Dendrocopos syriacus;FALSE
DENVID;DENVID;Anatidés;Anatidés;Dendrocygne veuf;Dendrocygna viduata;FALSE;non;oui;Dendrocygna viduata;FALSE
DIOEXU;DIOEXU;Procellariiformes;Diomédéidés;Albatros hurleur;Diomedea exulans;FALSE;non;oui;Diomedea exulans;FALSE
DIOMEL;DIOMEL;Procellariiformes;Diomédéidés;Albatros à  sourcils noirs;Diomedea melanophrys;FALSE;non;oui;Diomedea melanophrys Temm.;FALSE
DRYMAR;DRYMAR;Piciformes;Picidés;Pic noir;Dryocopus martius;TRUE;milieux forestiers;oui;Dryocopus martius;TRUE
EGRALB;EGRALB;Ciconiiformes;Ardéidés;Grande Aigrette;Egretta alba;FALSE;non;oui;Egretta alba;FALSE
EGRGAR;EGRGAR;Ciconiiformes;Ardéidés;Aigrette garzette;Egretta garzetta;FALSE;non;oui;Egretta garzetta;TRUE
EGRGUL;EGRGUL;Ciconiiformes;Ardéidés;Aigrette des récifs;Egretta gularis;FALSE;non;oui;Egretta gularis;FALSE
ELACAE;ELACAE;Accipitriformes;Accipitridés;Elanion blanc;Elanus caeruleus;FALSE;non;oui;Elanus caeruleus;FALSE
EMBAUR;EMBAUR;Passériformes;Embérizidés;Bruant auréole;Emberiza aureola;FALSE;non;oui;Emberiza aureola Pallas;FALSE
EMBCAE;EMBCAE;Passériformes;Embérizidés;Bruant cendrillard;Emberiza caesia;FALSE;non;oui;Emberiza caesia Cretzsch.;FALSE
EMBCIA;EMBCIA;Passériformes;Embérizidés;Bruant fou;Emberiza cia;FALSE;non;oui;Emberiza cia;TRUE
EMBCIR;EMBCIR;Passériformes;Embérizidés;Bruant zizi;Emberiza cirlus;TRUE;milieux agricoles;oui;Emberiza cirlus;TRUE
EMBCIT;EMBCIT;Passériformes;Embérizidés;Bruant jaune;Emberiza citrinella;TRUE;milieux agricoles;oui;Emberiza citrinella;TRUE
EMBHOR;EMBHOR;Passériformes;Embérizidés;Bruant ortolan;Emberiza hortulana;TRUE;milieux agricoles;oui;Emberiza hortulana;TRUE
EMBLEU;EMBLEU;Passériformes;Embérizidés;Bruant à  calotte blanche;Emberiza leucocephalos;FALSE;non;oui;Emberiza leucocephalos Gmelin;FALSE
EMBMEL;EMBMEL;Passériformes;Embérizidés;Bruant mélanocéphale;Emberiza melanocephala;FALSE;non;oui;Emberiza melanocephala Scopoli;FALSE
EMBPUS;EMBPUS;Passériformes;Embérizidés;Bruant nain;Emberiza pusilla;FALSE;non;oui;Emberiza pusilla Pallas;FALSE
EMBSCH;EMBSCH;Passériformes;Embérizidés;Bruant des roseaux;Emberiza schoeniclus;FALSE;non;oui;Emberiza schoeniclus;TRUE
EREALP;EREALP;Passériformes;Alaudidés;Alouette hausse-col;Eremophila alpestris;FALSE;non;oui;Eremophila alpestris;FALSE
ERIRUB;ERIRUB;Passériformes;Turdidés;Rougegorge familier;Erithacus rubecula;TRUE;milieux forestiers;oui;Erithacus rubecula;TRUE
EUOMAL;EUOMAL;Passériformes;Estérildidés;Capucin bec-de-plomb;Euodice malabarica;FALSE;non;oui;Euodice malabarica;FALSE
FALBIA;FALBIA;Falconiformes;Falconidés;Faucon lanier;Falco biarmicus;FALSE;non;oui;Falco biarmicus;FALSE
FALCHE;FALCHE;Falconiformes;Falconidés;Faucon sacre;Falco cherrug;FALSE;non;oui;Falco cherrug Gray;FALSE
FALCOL;FALCOL;Falconiformes;Falconidés;Faucon émerillon;Falco columbarius;FALSE;non;oui;Falco columbarius;FALSE
FALELE;FALELE;Falconiformes;Falconidés;Faucon d'Eléonore;Falco eleonorae;FALSE;non;oui;Falco eleonorae Géné;FALSE
FALNAU;FALNAU;Falconiformes;Falconidés;Faucon crécerellette;Falco naumanni;FALSE;non;oui;Falco naumanni Fleischer;FALSE
FALPER;FALPER;Falconiformes;Falconidés;Faucon pèlerin;Falco peregrinus;FALSE;non;oui;Falco peregrinus Tunstall;TRUE
FALRUS;FALRUS;Falconiformes;Falconidés;Faucon gerfaut;Falco rusticolus;FALSE;non;oui;Falco rusticolus;FALSE
FALSUB;FALSUB;Falconiformes;Falconidés;Faucon hobereau;Falco subbuteo;FALSE;non;oui;Falco subbuteo;TRUE
FALTIN;FALTIN;Falconiformes;Falconidés;Faucon crécerelle;Falco tinnunculus;TRUE;milieux agricoles;oui;Falco tinnunculus;TRUE
FALVES;FALVES;Falconiformes;Falconidés;Faucon kobez;Falco vespertinus;FALSE;non;oui;Falco vespertinus;FALSE
FICALB;FICALB;Passériformes;Muscicapidés;Gobemouche à  collier;Ficedula albicollis;FALSE;non;oui;Ficedula albicollis;FALSE
FICHYP;FICHYP;Passériformes;Muscicapidés;Gobemouche noir;Ficedula hypoleuca;FALSE;non;oui;Ficedula hypoleuca;TRUE
FICPAR;FICPAR;Passériformes;Muscicapidés;Gobemouche nain;Ficedula parva;FALSE;non;oui;Ficedula parva;FALSE
FRAARC;FRAARC;Charadriiformes;Alcidés;Macareux moine;Fratercula arctica;FALSE;non;oui;Fratercula arctica;FALSE
FREMAG;FREMAG;Pélécaniformes;Frégatidés;Frégate superbe;Fregata magnificens;FALSE;non;oui;Fregata magnificens Mathews;FALSE
FRICOE;FRICOE;Passériformes;Fringillidés;Pinson des arbres;Fringilla coelebs;TRUE;generaliste;oui;Fringilla coelebs;TRUE
FRIMON;FRIMON;Passériformes;Fringillidés;Pinson du Nord;Fringilla montifringilla;FALSE;non;oui;Fringilla montifringilla;FALSE
FULATR;FULATR;Gruiformes;Rallidés;Foulque macroule;Fulica atra;FALSE;non;oui;Fulica atra;TRUE
FULCRI;FULCRI;Gruiformes;Rallidés;Foulque caronculée;Fulica cristata;FALSE;non;oui;Fulica cristata Gmelin;FALSE
FULGLA;FULGLA;Procellariiformes;Procéllariidés;Fulmar boréal;Fulmarus glacialis;FALSE;non;oui;Fulmarus glacialis;FALSE
GALCHL;GALCHL;Gruiformes;Rallidés;Gallinule poule-d'eau;Gallinula chloropus;FALSE;non;oui;Gallinula chloropus;TRUE
GALCRI;GALCRI;Passériformes;Alaudidés;Cochevis huppé;Galerida cristata;TRUE;milieux agricoles;oui;Galerida cristata;TRUE
GALGAL;GALGAL;Charadriiformes;Scolopacidés;Bécassine des marais;Gallinago gallinago;FALSE;non;oui;Gallinago gallinago;TRUE
GALMED;GALMED;Charadriiformes;Scolopacidés;Bécassine double;Gallinago media;FALSE;non;oui;Gallinago media;FALSE
GALTHE;GALTHE;Passériformes;Alaudidés;Cochevis de Thékla;Galerida theklae;FALSE;non;oui;Galerida theklae Brehm;FALSE
GARGLA;GARGLA;Passériformes;Corvidés;Geai des chênes;Garrulus glandarius;TRUE;generaliste;oui;Garrulus glandarius;TRUE
GAVADA;GAVADA;Gaviiformes;Gaviidés;Plongeon à  bec blanc;Gavia adamsii;FALSE;non;oui;Gavia adamsii;FALSE
GAVARC;GAVARC;Gaviiformes;Gaviidés;Plongeon arctique;Gavia arctica;FALSE;non;oui;Gavia arctica;FALSE
GAVIMM;GAVIMM;Gaviiformes;Gaviidés;Plongeon imbrin;Gavia immer;FALSE;non;oui;Gavia immer;FALSE
GAVSTE;GAVSTE;Gaviiformes;Gaviidés;Plongeon catmarin;Gavia stellata;FALSE;non;oui;Gavia stellata;FALSE
GELNIL;GELNIL;Charadriiformes;Sternidés;Sterne hansel;Gelochelidon nilotica;FALSE;non;oui;Gelochelidon nilotica;FALSE
GLANOR;GLANOR;Charadriiformes;Glaréolidés;Glaréole à  ailes noires;Glareola Nordmanni;FALSE;non;oui;Glareola Nordmanni Nordmann;FALSE
GLAPAS;GLAPAS;Strigiformes;Strigidés;Chevêchette d'Europe;Glaucidium passerinum;FALSE;non;oui;Glaucidium passerinum;FALSE
GLAPRA;GLAPRA;Charadriiformes;Glaréolidés;Glaréole à  collier;Glareola pratincola;FALSE;non;oui;Glareola pratincola;FALSE
GRIVES;GRIVES;Passériformes;Turdidés;Grive sp;Turdus sp.;FALSE;milieux forestiers;non;Turdus sp.;FALSE
GRUGRU;GRUGRU;Gruiformes;Gruidés;Grue cendrée;Grus grus;FALSE;non;oui;Grus grus;FALSE
GYPBAR;GYPBAR;Accipitriformes;Accipitridés;Gypaète barbu;Gypaetus barbatus;FALSE;non;oui;Gypaetus barbatus;FALSE
GYPFUL;GYPFUL;Accipitriformes;Accipitridés;Vautour fauve;Gyps fulvus;FALSE;non;oui;Gyps fulvus;FALSE
HAEOST;HAEOST;Charadriiformes;Haematropodidés;Huà®trier pie;Haematopus ostralegus;FALSE;non;oui;Haematopus ostralegus;FALSE
HALALB;HALALB;Accipitriformes;Accipitridés;Pygargue à  queue blanche;Haliaeetus albicilla;FALSE;non;oui;Haliaeetus albicilla;FALSE
HIEFAS;HIEFAS;Accipitriformes;Accipitridés;Aigle de Bonelli;Hieraaetus fasciatus;FALSE;non;oui;Hieraaetus fasciatus;FALSE
HIEPEN;HIEPEN;Accipitriformes;Accipitridés;Aigle botté;Hieraaetus pennatus;FALSE;non;oui;Hieraaetus pennatus;FALSE
HIMHIM;HIMHIM;Charadriiformes;Recurvirostridés;Echasse blanche;Himantopus himantopus;FALSE;non;oui;Himantopus himantopus;TRUE
HIPCAL;HIPCAL;Passériformes;Sylvidés;Hypolaïs bottée;Hippolais caligata;FALSE;non;oui;Hippolais caligata;FALSE
HIPICT;HIPICT;Passériformes;Sylvidés;Hypolaïs ictérine;Hippolais icterina;FALSE;non;oui;Hippolais icterina;TRUE
HIPOLI;HIPOLI;Passériformes;Sylvidés;Hypolaïs des oliviers;Hippolais olivetorum;FALSE;non;oui;Hippolais olivetorum;FALSE
HIPPAL;HIPPAL;Passériformes;Sylvidés;Hypolaïs pale;Hippolais pallida;FALSE;non;oui;Hippolais pallida;FALSE
HIPPOL;HIPPOL;Passériformes;Sylvidés;Hypolaïs polyglotte;Hippolais polyglotta;TRUE;generaliste;oui;Hippolais polyglotta;TRUE
HIRDAU;HIRDAU;Passériformes;Hirundinidés;Hirondelle rousseline;Hirundo daurica;FALSE;non;oui;Hirundo daurica;FALSE
HIRRUS;HIRRUS;Passériformes;Hirundinidés;Hirondelle rustique;Hirundo rustica;TRUE;milieux batis;oui;Hirundo rustica;TRUE
HISHIS;HISHIS;Ansériformes;Anatidés;Arlequin plongeur;Histrionicus histrionicus;FALSE;non;oui;Histrionicus histrionicus;FALSE
HOPSPI;HOPSPI;Charadriiformes;Charadriidés;Vanneau éperonné;Hoplopterus spinosus;FALSE;non;oui;Hoplopterus spinosus;FALSE
HYDPEL;HYDPEL;Procellariiformes;Hydrobatidés;Océanite tempête;Hydrobates pelagicus;FALSE;non;oui;Hydrobates pelagicus;FALSE
IXOMIN;IXOMIN;Ciconiiformes;Ardéidés;Blongios nain;Ixobrychus minutus;FALSE;non;oui;Ixobrychus minutus;FALSE
JYNTOR;JYNTOR;Piciformes;Picidés;Torcol fourmilier;Jynx torquilla;FALSE;non;oui;Jynx torquilla;TRUE
LAGLAG;LAGLAG;Galliformes;Tétraonidés;Lagopède des saules;Lagopus lagopus;FALSE;non;oui;Lagopus lagopus;FALSE
LAGMUT;LAGMUT;Galliformes;Tétraonidés;Lagopède alpin;Lagopus mutus;FALSE;non;oui;Lagopus mutus;FALSE
LANCOL;LANCOL;Passériformes;Laniidés;Pie-grièche écorcheur;Lanius collurio;TRUE;milieux agricoles;oui;Lanius collurio;TRUE
LANEXC;LANEXC;Passériformes;Laniidés;Pie-grièche grise;Lanius excubitor;FALSE;non;oui;Lanius excubitor;TRUE
LANISA;LANISA;Passériformes;Laniidés;Pie-grièche isabelle;Lanius isabellinus;FALSE;non;oui;Lanius isabellinus Ehrenberg;FALSE
LANMER;LANMER;Passériformes;Laniidés;Pie-grièche méridionale;Lanius meridionalis;FALSE;non;oui;Lanius meridionalis Temminck;TRUE
LANMIN;LANMIN;Passériformes;Laniidés;Pie-grièche à  poitrine rose;Lanius minor;FALSE;non;oui;Lanius minor Gmelin;FALSE
LANSEN;LANSEN;Passériformes;Laniidés;Pie-grièche à  tête rousse;Lanius senator;FALSE;non;oui;Lanius senator;TRUE
LARARG;LARARG;Charadriiformes;Laridés;Goéland argenté;Larus argentatus;FALSE;non;oui;Larus argentatus Pontropp;TRUE
LARATR;LARATR;Charadriiformes;Laridés;Mouette atricille;Larus atricilla;FALSE;non;oui;Larus atricilla;FALSE
LARAUD;LARAUD;Charadriiformes;Laridés;Goéland d'Audouin;Larus audouinii;FALSE;non;oui;Larus audouinii Payraudeau;FALSE
LARCAC;LARCAC;Charadriiformes;Laridés;Goéland pontique;Larus cachinnans;FALSE;non;oui;Larus cachinnans Pallas;FALSE
LARCAN;LARCAN;Charadriiformes;Laridés;Goéland cendré;Larus canus;FALSE;non;oui;Larus canus;FALSE
LARDEL;LARDEL;Charadriiformes;Laridés;Goéland à  bec cerclé;Larus delawarensis;FALSE;non;oui;Larus delawarensis Ord;FALSE
LARFUS;LARFUS;Charadriiformes;Laridés;Goéland brun;Larus fuscus;FALSE;non;oui;Larus fuscus;TRUE
LARGEN;LARGEN;Charadriiformes;Laridés;Goéland railleur;Larus genei;FALSE;non;oui;Larus genei Brème;FALSE
LARGLA;LARGLA;Charadriiformes;Laridés;Goéland à  ailes blanches;Larus glaucoides;FALSE;non;oui;Larus glaucoides Meyer;FALSE
LARHEU;LARHEU;Charadriiformes;Laridés;Goéland de Sibérie;Larus heuglini;FALSE;non;oui;Larus heuglini;FALSE
LARHYP;LARHYP;Charadriiformes;Laridés;Goéland bourgmestre;Larus hyperboreus;FALSE;non;oui;Larus hyperboreus Gunnerus;FALSE
LARMAR;LARMAR;Charadriiformes;Laridés;Goéland marin;Larus marinus;FALSE;non;oui;Larus marinus;TRUE
LARMEL;LARMEL;Charadriiformes;Laridés;Mouette mélanocéphale;Larus melanocephalus;FALSE;non;oui;Larus melanocephalus Temminck;TRUE
LARMIC;LARMIC;Charadriiformes;Laridés;Goéland leucophée;Larus michahellis;FALSE;non;oui;Larus michahellis;TRUE
LARMIN;LARMIN;Charadriiformes;Laridés;Mouette pygmée;Larus minutus;FALSE;non;oui;Larus minutus Pallas;FALSE
LARPHI;LARPHI;Charadriiformes;Laridés;Mouette de Bonaparte;Larus philadelphia;FALSE;non;oui;Larus philadelphia;FALSE
LARPIP;LARPIP;Charadriiformes;Laridés;Mouette de Franklin;Larus pipixcan;FALSE;non;oui;Larus pipixcan Wagler;FALSE
LARRID;LARRID;Charadriiformes;Laridés;Mouette rieuse;Larus ridibundus;FALSE;non;oui;Larus ridibundus;TRUE
LARSAB;LARSAB;Charadriiformes;Laridés;Mouette de Sabine;Larus sabini;FALSE;non;oui;Larus sabini Sabine;FALSE
LEILUT;LEILUT;Passériformes;Timaliidés;Leïothrix jaune;Leiothrix lutea;FALSE;non;oui;Leiothrix lutea;FALSE
LIMFAL;LIMFAL;Charadriiformes;Scolopacidés;Bécasseau falcinelle;Limicola falcinellus;FALSE;non;oui;Limicola falcinellus;FALSE
LIMICO;LIMICO;Charadriiformes;Scolopacidés;Limicole sp; ;FALSE;non;non;;FALSE
LIMLAP;LIMLAP;Charadriiformes;Scolopacidés;Barge rousse;Limosa lapponica;FALSE;non;oui;Limosa lapponica;FALSE
LIMLIM;LIMLIM;Charadriiformes;Scolopacidés;Barge à  queue noire;Limosa limosa;FALSE;non;oui;Limosa limosa;FALSE
LIMSCO;LIMSCO;Charadriiformes;Scolopacidés;Bécassin à  long bec;Limnodromus scolopaceus;FALSE;non;oui;Limnodromus scolopaceus;FALSE
LOCCER;LOCCER;Passériformes;Sylvidés;Locustelle de Pallas;Locustella certhiola;FALSE;non;oui;Locustella certhiola;FALSE
LOCFAS;LOCFAS;Passériformes;Sylvidés;Locustelle fasciée;Locustella fasciolata;FALSE;non;oui;Locustella fasciolata;FALSE
LOCFLU;LOCFLU;Passériformes;Sylvidés;Locustelle fluviatile;Locustella fluviatilis;FALSE;non;oui;Locustella fluviatilis;FALSE
LOCLAN;LOCLAN;Passériformes;Sylvidés;Locustelle lancéolée;Locustella lanceolata;FALSE;non;oui;Locustella lanceolata;FALSE
LOCLUS;LOCLUS;Passériformes;Sylvidés;Locustelle luscinioïde;Locustella luscinioides;FALSE;non;oui;Locustella luscinioides;FALSE
LOCNAE;LOCNAE;Passériformes;Sylvidés;Locustelle tachetée;Locustella naevia;FALSE;non;oui;Locustella naevia;TRUE
LOXCUR;LOXCUR;Passériformes;Fringillidés;Bec-croisé des sapins;Loxia curvirostra;FALSE;non;oui;Loxia curvirostra;TRUE
LOXLEU;LOXLEU;Passériformes;Fringillidés;Bec-croisé bifascié;Loxia leucoptera;FALSE;non;oui;Loxia leucoptera Gmelin;FALSE
LOXPYT;LOXPYT;Passériformes;Fringillidés;Bec-croisé perroquet;Loxia pytyopsittacus;FALSE;non;oui;Loxia pytyopsittacus Borkhausen;FALSE
LOXSCO;LOXSCO;Passériformes;Fringillidés;Bec-croisé d'Ecosse;Loxia scotica;FALSE;non;oui;Loxia scotica;FALSE
LULARB;LULARB;Passériformes;Alaudidés;Alouette lulu;Lullula arborea;TRUE;milieux agricoles;oui;Lullula arborea;TRUE
LUSLUS;LUSLUS;Passériformes;Turdidés;Rossignol progné;Luscinia luscinia;FALSE;non;oui;Luscinia luscinia;FALSE
LUSMEG;LUSMEG;Passériformes;Turdidés;Rossignol philomèle;Luscinia megarhynchos;TRUE;generaliste;oui;Luscinia megarhynchos Brehm;TRUE
LUSSVE;LUSSVE;Passériformes;Turdidés;Gorgebleue à  miroir;Luscinia svecica;FALSE;non;oui;Luscinia svecica;TRUE
LYMMIN;LYMMIN;Charadriiformes;Scolopacidés;Bécassine sourde;Lymnocryptes minimus;FALSE;non;oui;Lymnocryptes minimus;FALSE
LYNPAR;LYNPAR;Carnivores;Félidae;Lynx d'Espagne;Lynx pardina;FALSE;non;non;Lynx pardina  Temminck 1824;FALSE
MARANG;MARANG;Ansériformes;Anatidés;Sarcelle marbrée;Marmaronetta angustirostris;FALSE;non;oui;Marmaronetta angustirostris;FALSE
MELCAL;MELCAL;Passériformes;Alaudidés;Alouette calandre;Melanocorypha calandra;FALSE;non;oui;Melanocorypha calandra;FALSE
MELFUS;MELFUS;Ansériformes;Anatidés;Macreuse brune;Melanitta fusca;FALSE;non;oui;Melanitta fusca;FALSE
MELNIG;MELNIG;Ansériformes;Anatidés;Macreuse noire;Melanitta nigra;FALSE;non;oui;Melanitta nigra;FALSE
MELPER;MELPER;Ansériformes;Anatidés;Macreuse à  front blanc;Melanitta perspicillata;FALSE;non;oui;Melanitta perspicillata;FALSE
MERALB;MERALB;Ansériformes;Anatidés;Harle piette;Mergus albellus;FALSE;non;oui;Mergus albellus;FALSE
MERAPI;MERAPI;Coraciiformes;Méropidés;Guêpier d'Europe;Merops apiaster;FALSE;non;oui;Merops apiaster;TRUE
MERMER;MERMER;Ansériformes;Anatidés;Harle bièvre;Mergus merganser;FALSE;non;oui;Mergus merganser;FALSE
MERPER;MERPER;Coraciiformes;Méropidés;Guêpier de Perse;Merops persicus;FALSE;non;oui;Merops persicus;FALSE
MERSER;MERSER;Ansériformes;Anatidés;Harle huppé;Mergus serrator;FALSE;non;oui;Mergus serrator;FALSE
MICHIM;MICHIM;Charadriiformes;Scolopacidés;Bécasseau à  échasses;Micropalama himantopus;FALSE;non;oui;Micropalama himantopus;FALSE
MILCAL;MILCAL;Passériformes;Embérizidés;Bruant proyer;Miliaria calandra;TRUE;milieux agricoles;oui;Miliaria calandra;FALSE
MILMIG;MILMIG;Accipitriformes;Accipitridés;Milan noir;Milvus migrans;FALSE;non;oui;Milvus migrans;TRUE
MILMIL;MILMIL;Accipitriformes;Accipitridés;Milan royal;Milvus milvus;FALSE;non;oui;Milvus milvus;TRUE
MONNIV;MONNIV;Passériformes;Passéridés;Niverolle alpine;Montifringilla nivalis;FALSE;non;oui;Montifringilla nivalis;FALSE
MONSAX;MONSAX;Passériformes;Turdidés;Monticole de roche;Monticola saxatilis;FALSE;non;oui;Monticola saxatilis;TRUE
MONSOL;MONSOL;Passériformes;Turdidés;Monticole bleu;Monticola solitarius;FALSE;non;oui;Monticola solitarius;TRUE
MOTALB;MOTALB;Passériformes;Motacillidés;Bergeronnette grise;Motacilla alba;FALSE;non;oui;Motacilla alba;TRUE
MOTCIN;MOTCIN;Passériformes;Motacillidés;Bergeronnette des ruisseaux;Motacilla cinerea;FALSE;non;oui;Motacilla cinerea Tunstall;TRUE
MOTCIT;MOTCIT;Passériformes;Motacillidés;Bergeronnette citrine;Motacilla citreola;FALSE;non;oui;Motacilla citreola Pallas;FALSE
MOTFLA;MOTFLA;Passériformes;Motacillidés;Bergeronnette printanière;Motacilla flava;TRUE;milieux agricoles;oui;Motacilla flava;TRUE
MOTIMA;MOTIMA;Passériformes;Motacillidés;Bergeronnette flavéole;Motacilla flavissima;FALSE;non;oui;Motacilla flavissima;FALSE
MUSSTR;MUSSTR;Passériformes;Muscicapidés;Gobemouche gris;Muscicapa striata;FALSE;non;oui;Muscicapa striata;TRUE
NEOPER;NEOPER;Accipitriformes;Accipitridés;Vautour percnoptère;Neophron percnopterus;FALSE;non;oui;Neophron percnopterus;FALSE
NETRUF;NETRUF;Ansériformes;Anatidés;Nette rousse;Netta rufina;FALSE;non;oui;Netta rufina;FALSE
NUCCAR;NUCCAR;Passériformes;Corvidés;Cassenoix moucheté;Nucifraga caryocatactes;FALSE;non;oui;Nucifraga caryocatactes;TRUE
NUMARQ;NUMARQ;Charadriiformes;Scolopacidés;Courlis cendré;Numenius arquata;FALSE;non;oui;Numenius arquata;TRUE
NUMPHA;NUMPHA;Charadriiformes;Scolopacidés;Courlis corlieu;Numenius phaeopus;FALSE;non;oui;Numenius phaeopus;FALSE
NUMTEN;NUMTEN;Charadriiformes;Scolopacidés;Courlis à  bec grêle;Numenius tenuirostris;FALSE;non;oui;Numenius tenuirostris Vieillot;FALSE
NYCNYC;NYCNYC;Ciconiiformes;Ardéidés;Bihoreau gris;Nycticorax nycticorax;FALSE;non;oui;Nycticorax nycticorax;TRUE
NYCSCA;NYCSCA;Strigiformes;Strigidés;Harfang des neiges;Nyctea scandiaca;FALSE;non;oui;Nyctea scandiaca;FALSE
OCECAS;OCECAS;Procellariiformes;Hydrobatidés;Océanite de Castro;Oceanodroma castro;FALSE;non;oui;Oceanodroma castro;FALSE
OCELEU;OCELEU;Procellariiformes;Hydrobatidés;Océanite culblanc;Oceanodroma leucorhoa;FALSE;non;oui;Oceanodroma leucorhoa;FALSE
OCEMON;OCEMON;Procellariiformes;Hydrobatidés;Océanite de Swinhoe;Oceanodroma monorhis;FALSE;non;oui;Oceanodroma monorhis;FALSE
OCEOCE;OCEOCE;Procellariiformes;Hydrobatidés;Océanite de Wilson;Oceanites oceanicus;FALSE;non;oui;Oceanites oceanicus;FALSE
OENDES;OENDES;Passériformes;Turdidés;Traquet du désert;Oenanthe deserti;FALSE;non;oui;Oenanthe deserti;FALSE
OENHIS;OENHIS;Passériformes;Turdidés;Traquet oreillard;Oenanthe hispanica;FALSE;non;oui;Oenanthe hispanica;TRUE
OENISA;OENISA;Passériformes;Turdidés;Traquet isabelle;Oenanthe isabellina;FALSE;non;oui;Oenanthe isabellina;FALSE
OENLEU;OENLEU;Passériformes;Turdidés;Traquet rieur;Oenanthe leucura;FALSE;non;oui;Oenanthe leucura;FALSE
OENOEN;OENOEN;Passériformes;Turdidés;Traquet motteux;Oenanthe oenanthe;TRUE;milieux agricoles;oui;Oenanthe oenanthe;TRUE
OENPLE;OENPLE;Passériformes;Turdidés;Traquet pie;Oenanthe pleschanka;FALSE;non;oui;Oenanthe pleschanka;FALSE
ORIORI;ORIORI;Passériformes;Oriolidés;Loriot d'Europe;Oriolus oriolus;TRUE;generaliste;oui;Oriolus oriolus;TRUE
OTITAR;OTITAR;Gruiformes;Otididés;Outarde barbue;Otis tarda;FALSE;non;oui;Otis tarda;FALSE
OTUSCO;OTUSCO;Strigiformes;Strigidés;Petit-duc scops;Otus scops;FALSE;non;oui;Otus scops;FALSE
OXYJAM;OXYJAM;Ansériformes;Anatidés;Erismature rousse;Oxyura jamaicensis;FALSE;non;oui;Oxyura jamaicensis;FALSE
OXYLEU;OXYLEU;Ansériformes;Anatidés;Erismature à  tête blanche;Oxyura leucocephala;FALSE;non;oui;Oxyura leucocephala;FALSE
PAGEBU;PAGEBU;Charadriiformes;Laridés;Mouette ivoire;Pagophila eburnea;FALSE;non;oui;Pagophila eburnea;FALSE
PANBIA;PANBIA;Passériformes;Timaliidés;Panure à  moustaches;Panurus biarmicus;FALSE;non;oui;Panurus biarmicus;FALSE
PANHAL;PANHAL;Accipitriformes;Pandionidés;Balbuzard pêcheur;Pandion haliaetus;FALSE;non;oui;Pandion haliaetus;FALSE
PARAME;PARAME;Passériformes;Parulidés;Paruline à  collier;Parula americana;FALSE;non;oui;Parula americana;FALSE
PARATE;PARATE;Passériformes;Paridés;Mésange noire;Parus ater;TRUE;milieux forestiers;oui;Parus ater;TRUE
PARCAE;PARCAE;Passériformes;Paridés;Mésange bleue;Parus caeruleus;TRUE;generaliste;oui;Parus caeruleus;TRUE
PARCIN;PARCIN;Passériformes;Paridés;Mésange lapone;Parus cinctus;FALSE;non;oui;Parus cinctus;FALSE
PARCRI;PARCRI;Passériformes;Paridés;Mésange huppée;Parus cristatus;TRUE;milieux forestiers;oui;Parus cristatus;TRUE
PARCYA;PARCYA;Passériformes;Paridés;Mésange azurée;Parus cyanus;FALSE;non;oui;Parus cyanus Pallas;FALSE
PARLUG;PARLUG;Passériformes;Paridés;Mésange lugubre;Parus lugubris;FALSE;non;oui;Parus lugubris;FALSE
PARMAJ;PARMAJ;Passériformes;Paridés;Mésange charbonnière;Parus major;TRUE;generaliste;oui;Parus major;TRUE
PARMON;PARMON;Passériformes;Paridés;Mésange boréale;Parus montanus;TRUE;milieux forestiers;oui;Parus montanus Baldenst.;TRUE
PARPAL;PARPAL;Passériformes;Paridés;Mésange nonnette;Parus palustris;TRUE;milieux forestiers;oui;Parus palustris;TRUE
PASDOM;PASDOM;Passériformes;Passéridés;Moineau domestique;Passer domesticus;TRUE;milieux batis;oui;Passer domesticus;TRUE
PASHIS;PASHIS;Passériformes;Passéridés;Moineau espagnol;Passer hispaniolensis;FALSE;non;oui;Passer hispaniolensis;FALSE
PASITA;PASITA;Passériformes;Passéridés;Moineau cisalpin;Passer italiae;FALSE;non;oui;Passer italiae;FALSE
PASMON;PASMON;Passériformes;Passéridés;Moineau friquet;Passer montanus;TRUE;milieux batis;oui;Passer montanus;TRUE
PELCRI;PELCRI;Pélécaniformes;Pélécanidés;Pélican frisé;Pelecanus crispus;FALSE;non;oui;Pelecanus crispus;FALSE
PELONO;PELONO;Pélécaniformes;Pélécanidés;Pélican blanc;Pelecanus onocrotalus;FALSE;non;oui;Pelecanus onocrotalus;FALSE
PERAPI;PERAPI;Accipitriformes;Accipitridés;Bondrée apivore;Pernis apivorus;FALSE;non;oui;Pernis apivorus;TRUE
PERINF;PERINF;Passériformes;Corvidés;Mésangeai imitateur;Perisoreus infaustus;FALSE;non;oui;Perisoreus infaustus;FALSE
PERPER;PERPER;Galliformes;Phasianidés;Perdrix grise;Perdix perdix;TRUE;milieux agricoles;oui;Perdix perdix;TRUE
PETPET;PETPET;Passériformes;Passéridés;Moineau soulcie;Petronia petronia;FALSE;non;oui;Petronia petronia;TRUE
PHAARI;PHAARI;Pélécaniformes;Phalacrocoracidés;Cormoran huppé;Phalacrocorax aristotelis;FALSE;non;oui;Phalacrocorax aristotelis;FALSE
PHACAR;PHACAR;Pélécaniformes;Phalacrocoracidés;Grand Cormoran;Phalacrocorax carbo;FALSE;non;oui;Phalacrocorax carbo;TRUE
PHACOL;PHACOL;Galliformes;Phasianidés;Faisan de Colchide;Phasianus colchicus;FALSE;non;oui;Phasianus colchicus;TRUE
PHAFUL;PHAFUL;Charadriiformes;Scolopacidés;Phalarope à  bec large;Phalaropus fulicarius;FALSE;non;oui;Phalaropus fulicarius;FALSE
PHALOB;PHALOB;Charadriiformes;Scolopacidés;Phalarope à  bec étroit;Phalaropus lobatus;FALSE;non;oui;Phalaropus lobatus;FALSE
PHAPYG;PHAPYG;Pélécaniformes;Phalacrocoracidés;Cormoran pygmée;Phalacrocorax pygmeus;FALSE;non;oui;Phalacrocorax pygmeus;FALSE
PHATRI;PHATRI;Charadriiformes;Scolopacidés;Phalarope de Wilson;Phalaropus tricolor;FALSE;non;oui;Phalaropus tricolor;FALSE
PHIPUG;PHIPUG;Charadriiformes;Scolopacidés;Combattant varié;Philomachus pugnax;FALSE;non;oui;Philomachus pugnax;FALSE
PHOCHI;PHOCHI;Phoenicoptériformes;Phoenicoptéridés;Flamant du Chili;Phoenicopterus chilensis;FALSE;non;oui;Phoenicopterus chilensis;FALSE
PHOMOU;PHOMOU;Passériformes;Turdidés;Rougequeue de Moussier;Phoenicurus moussieri;FALSE;non;oui;Phoenicurus moussieri;FALSE
PHOOCH;PHOOCH;Passériformes;Turdidés;Rougequeue noir;Phoenicurus ochruros;TRUE;milieux batis;oui;Phoenicurus ochruros;TRUE
PHOPHO;PHOPHO;Passériformes;Turdidés;Rougequeue à  front blanc;Phoenicurus phoenicurus;TRUE;milieux batis;oui;Phoenicurus phoenicurus;TRUE
PHORUB;PHORUB;Phoenicoptériformes;Phoenicoptédés;Flamant rose;Phoenicopterus ruber;FALSE;non;oui;Phoenicopterus ruber;FALSE
PHYBON;PHYBON;Passériformes;Sylvidés;Pouillot de Bonelli;Phylloscopus bonelli;TRUE;milieux forestiers;oui;Phylloscopus bonelli;TRUE
PHYBOR;PHYBOR;Passériformes;Sylvidés;Pouillot boréal;Phylloscopus borealis;FALSE;non;oui;Phylloscopus borealis;FALSE
PHYCOL;PHYCOL;Passériformes;Sylvidés;Pouillot véloce;Phylloscopus collybita;TRUE;milieux forestiers;oui;Phylloscopus collybita;TRUE
PHYDES;PHYDES;Passériformes;Sylvidés;Pouillot verdatre;Phylloscopus trochiloides;FALSE;non;oui;Phylloscopus trochiloides;FALSE
PHYFUS;PHYFUS;Passériformes;Sylvidés;Pouillot brun;Phylloscopus fuscatus;FALSE;non;oui;Phylloscopus fuscatus;FALSE
PHYINO;PHYINO;Passériformes;Sylvidés;Pouillot à  grands sourcils;Phylloscopus inornatus;FALSE;non;oui;Phylloscopus inornatus;FALSE
PHYPRO;PHYPRO;Passériformes;Sylvidés;Pouillot de Pallas;Phylloscopus proregulus;FALSE;non;oui;Phylloscopus proregulus;FALSE
PHYSCH;PHYSCH;Passériformes;Sylvidés;Pouillot de Schwarz;Phylloscopus schwarzi;FALSE;non;oui;Phylloscopus schwarzi;FALSE
PHYSIB;PHYSIB;Passériformes;Sylvidés;Pouillot siffleur;Phylloscopus sibilatrix;TRUE;milieux forestiers;oui;Phylloscopus sibilatrix;TRUE
PHYTRO;PHYTRO;Passériformes;Sylvidés;Pouillot fitis;Phylloscopus trochilus;TRUE;milieux forestiers;oui;Phylloscopus trochilus;TRUE
PICCAN;PICCAN;Piciformes;Picidés;Pic cendré;Picus canus;TRUE;milieux forestiers;oui;Picus canus Gmelin;TRUE
PICPIC;PICPIC;Passériformes;Corvidés;Pie bavarde;Pica pica;TRUE;milieux batis;oui;Pica pica;TRUE
PICTRI;PICTRI;Piciformes;Picidés;Pic tridactyle;Picoides tridactylus;FALSE;non;oui;Picoides tridactylus;FALSE
PICVIR;PICVIR;Piciformes;Picidés;Pic vert;Picus viridis;TRUE;generaliste;oui;Picus viridis;TRUE
PINENU;PINENU;Passériformes;Fringillidés;Durbec des sapins;Pinicola enucleator;FALSE;non;oui;Pinicola enucleator;FALSE
PINSON;PINSON;Passériformes;Fringillidés;Pinson sp; ;FALSE;non;non;;FALSE
PLALEU;PLALEU;Ciconiiformes;Threskiornithidés;Spatule blanche;Platalea leucorodia;FALSE;non;oui;Platalea leucorodia;FALSE
PLEFAL;PLEFAL;Ciconiiformes;Threskiornithidés;Ibis falcinelle;Plegadis falcinellus;FALSE;non;oui;Plegadis falcinellus;FALSE
PLENIV;PLENIV;Passériformes;Embérizidés;Bruant des neiges;Plectrophenax nivalis;FALSE;non;oui;Plectrophenax nivalis;FALSE
PLUAPR;PLUAPR;Charadriiformes;Charadriidés;Pluvier doré;Pluvialis apricaria;FALSE;non;oui;Pluvialis apricaria;FALSE
PLUDOM;PLUDOM;Charadriiformes;Charadriidés;Pluvier bronzé;Pluvialis dominica;FALSE;non;oui;Pluvialis dominica;FALSE
PLUFUL;PLUFUL;Charadriiformes;Charadriidés;Pluvier fauve;Pluvialis fulva;FALSE;non;oui;Pluvialis fulva;FALSE
PLUSQU;PLUSQU;Charadriiformes;Charadriidés;Pluvier argenté;Pluvialis squatarola;FALSE;non;oui;Pluvialis squatarola;FALSE
PODAUR;PODAUR;Podicipédiformes;Podicipédidés;Grèbe esclavon;Podiceps auritus;FALSE;non;oui;Podiceps auritus;FALSE
PODCRI;PODCRI;Podicipédiformes;Podicipédidés;Grèbe huppé;Podiceps cristatus;FALSE;non;oui;Podiceps cristatus;TRUE
PODGRI;PODGRI;Podicipédiformes;Podicipédidés;Grèbe jougris;Podiceps grisegena;FALSE;non;oui;Podiceps grisegena;FALSE
PODNIG;PODNIG;Podicipédiformes;Podicipédidés;Grèbe à  cou noir;Podiceps nigricollis;FALSE;non;oui;Podiceps nigricollis Brehm;FALSE
PODPOD;PODPOD;Podicipédiformes;Podicipédidés;Grèbe à  bec bigarré;Podilymbus podiceps;FALSE;non;oui;Podilymbus podiceps;FALSE
POLSTE;POLSTE;Ansériformes;Anatidés;Eider de Steller;Polysticta stelleri;FALSE;non;oui;Polysticta stelleri;FALSE
PORALL;PORALL;Gruiformes;Rallidés;Talève d'Allen;Porphyrula alleni;FALSE;non;oui;Porphyrula alleni;FALSE
PORCAR;PORCAR;Gruiformes;Rallidés;Marouette de Caroline;Porzana carolina;FALSE;non;oui;Porzana carolina;FALSE
PORPAR;PORPAR;Gruiformes;Rallidés;Marouette poussin;Porzana parva;FALSE;non;oui;Porzana parva;FALSE
PORPOR;PORPOR;Gruiformes;Rallidés;Marouette ponctuée;Porzana porzana;FALSE;non;oui;Porzana porzana;FALSE
PORPUS;PORPUS;Gruiformes;Rallidés;Marouette de Baillon;Porzana pusilla;FALSE;non;oui;Porzana pusilla;FALSE
PORRIO;PORRIO;Gruiformes;Rallidés;Talève sultane;Porphyrio porphyrio;FALSE;non;oui;Porphyrio porphyrio;FALSE
PRUCOL;PRUCOL;Passériformes;Prunellidés;Accenteur alpin;Prunella collaris;FALSE;non;oui;Prunella collaris;TRUE
PRUMOD;PRUMOD;Passériformes;Prunellidés;Accenteur mouchet;Prunella modularis;TRUE;generaliste;oui;Prunella modularis;TRUE
PSIKRA;PSIKRA;Psittaciformes;Psittacidés;Perruche à  collier;Psittacula krameri;FALSE;non;oui;Psittacula krameri;FALSE
PTEALC;PTEALC;Ptéroclididés;Ptéroclididés;Ganga cata;Pterocles alchata;FALSE;non;oui;Pterocles alchata;FALSE
PTEORI;PTEORI;Ptéroclididés;Ptéroclididés;Ganga unibande;Pterocles orientalis;FALSE;non;oui;Pterocles orientalis;FALSE
PTYRUP;PTYRUP;Passériformes;Hirundinidés;Hirondelle de rochers;Ptyonoprogne rupestris;FALSE;non;oui;Ptyonoprogne rupestris;TRUE
PUFASS;PUFASS;Procellariiformes;Procéllariidés;Puffin semblable;Puffinus assimilis;FALSE;non;oui;Puffinus assimilis Gould;FALSE
PUFGRA;PUFGRA;Procellariiformes;Procéllariidés;Puffin majeur;Puffinus gravis;FALSE;non;oui;Puffinus gravis;FALSE
PUFGRI;PUFGRI;Procellariiformes;Procéllariidés;Puffin fuligineux;Puffinus griseus;FALSE;non;oui;Puffinus griseus;FALSE
PUFPUF;PUFPUF;Procellariiformes;Procéllariidés;Puffin des Anglais;Puffinus puffinus;FALSE;non;oui;Puffinus puffinus;FALSE
PUFYEL;PUFYEL;Procellariiformes;Procéllariidés;Puffin de Méditerranée;Puffinus yelkouan;FALSE;non;oui;Puffinus yelkouan;FALSE
PYRGRA;PYRGRA;Passériformes;Corvidés;Chocard à  bec jaune;Pyrrhocorax graculus;FALSE;non;oui;Pyrrhocorax graculus;TRUE
PYRPYR;PYRPYR;Passériformes;Fringillidés;Bouvreuil pivoine;Pyrrhula pyrrhula;TRUE;milieux forestiers;oui;Pyrrhula pyrrhula;TRUE
PYRRAX;PYRRAX;Passériformes;Corvidés;Crave à  bec rouge;Pyrrhocorax pyrrhocorax;FALSE;non;oui;Pyrrhocorax pyrrhocorax;TRUE
RALAQU;RALAQU;Gruiformes;Rallidés;Rale d'eau;Rallus aquaticus;FALSE;non;oui;Rallus aquaticus;TRUE
RAPACE;RAPACE;Accipitriformes;;Rapace sp; ;FALSE;non;non;;FALSE
RECAVO;RECAVO;Charadriiformes;Recurvirostridés;Avocette élégante;Recurvirostra avosetta;FALSE;non;oui;Recurvirostra avosetta;TRUE
REGIGN;REGIGN;Passériformes;Sylvidés;Roitelet à  triple bandeau;Regulus ignicapillus;TRUE;milieux forestiers;oui;Regulus ignicapillus;TRUE
REGREG;REGREG;Passériformes;Sylvidés;Roitelet huppé;Regulus regulus;TRUE;milieux forestiers;oui;Regulus regulus;TRUE
REMPEN;REMPEN;Passériformes;Rémizidés;Rémiz penduline;Remiz pendulinus;FALSE;non;oui;Remiz pendulinus;FALSE
RHOGIT;RHOGIT;Passériformes;Fringillidés;Roselin githagine;Rhodopechys githaginea;FALSE;non;oui;Rhodopechys githaginea;FALSE
RHOROS;RHOROS;Charadriiformes;Laridés;Mouette de Ross;Rhodostethia rosea;FALSE;non;oui;Rhodostethia rosea;FALSE
RIPRIP;RIPRIP;Passériformes;Hirundinidés;Hirondelle de rivage;Riparia riparia;FALSE;non;oui;Riparia riparia;TRUE
RISTRI;RISTRI;Charadriiformes;Laridés;Mouette tridactyle;Rissa tridactyla;FALSE;non;oui;Rissa tridactyla;FALSE
ROSBEN;ROSBEN;Scolopacidés;Scolopacidés;Bécassine peinte;Rostratula bengalensis;FALSE;non;oui;Rostratula bengalensis;FALSE
SAXRUB;SAXRUB;Passériformes;Turdidés;Tarier des prés;Saxicola rubetra;TRUE;milieux agricoles;oui;Saxicola rubetra;TRUE
SAXTOR;SAXTOR;Passériformes;Turdidés;Tarier patre;Saxicola torquata;TRUE;milieux agricoles;oui;Saxicola torquata;TRUE
SCORUS;SCORUS;Charadriiformes;Scolopacidés;Bécasse des bois;Scolopax rusticola;FALSE;non;oui;Scolopax rusticola;FALSE
SEINOV;SEINOV;Passériformes;Parulidés;Paruline des ruisseaux;Seiurus noveboracensis;FALSE;non;oui;Seiurus noveboracensis Gmelin;FALSE
SERCIT;SERCIT;Passériformes;Fringillidés;Venturon montagnard;Serinus citrinella;FALSE;non;oui;Serinus citrinella;TRUE
SERCOR;SERCOR;Passériformes;Fringillidés;Venturon corse;Serinus corsicanus;FALSE;non;oui;Serinus corsicanus;FALSE
SERSER;SERSER;Passériformes;Fringillidés;Serin cini;Serinus serinus;TRUE;milieux batis;oui;Serinus serinus;TRUE
SETRUT;SETRUT;Passériformes;Parulidés;Paruline flamboyante;Setophaga ruticilla;FALSE;non;oui;Setophaga ruticilla;FALSE
SITEUR;SITEUR;Passériformes;Sittidés;Sittelle torchepot;Sitta europaea;TRUE;milieux forestiers;oui;Sitta europaea;TRUE
SITNEU;SITNEU;Passériformes;Sittidés;Sittelle des rochers;Sitta neumayer;FALSE;non;oui;Sitta neumayer;FALSE
SITWHI;SITWHI;Passériformes;Sittidés;Sittelle corse;Sitta whiteheadi;FALSE;non;oui;Sitta whiteheadi Sharpe;FALSE
SOMMOL;SOMMOL;Ansériformes;Anatidés;Eider à  duvet;Somateria mollissima;FALSE;non;oui;Somateria mollissima;FALSE
STEALB;STEALB;Charadriiformes;Sternidés;Sterne naine;Sterna albifrons;FALSE;non;oui;Sterna albifrons Pallas;FALSE
STEANA;STEANA;Charadriiformes;Sternidés;Sterne bridée;Sterna anaethetus;FALSE;non;oui;Sterna anaethetus Scopoli;FALSE
STEBEN;STEBEN;Charadriiformes;Sternidés;Sterne voyageuse;Sterna bengalensis;FALSE;non;oui;Sterna bengalensis Lesson;FALSE
STECAS;STECAS;Charadriiformes;Sternidés;Sterne caspienne;Sterna caspia;FALSE;non;oui;Sterna caspia Pallas;FALSE
STECUS;STECUS;Charadriiformes;Stercorariidés;Labbe parasite;Stercorarius parasiticus;FALSE;non;oui;Stercorarius parasiticus;FALSE
STEDOU;STEDOU;Charadriiformes;Sternidés;Sterne de Dougall;Sterna dougallii;FALSE;non;oui;Sterna dougallii Montagu;FALSE
STEELE;STEELE;Charadriiformes;Sternidés;Sterne élégante;Sterna elegans;FALSE;non;oui;Sterna elegans Gambel;FALSE
STEFUS;STEFUS;Charadriiformes;Sternidés;Sterne fuligineuse;Sterna fuscata;FALSE;non;oui;Sterna fuscata;FALSE
STEHIR;STEHIR;Charadriiformes;Sternidés;Sterne pierregarin;Sterna hirundo;FALSE;non;oui;Sterna hirundo;TRUE
STELON;STELON;Charadriiformes;Stercorariidés;Labbe à  longue queue;Stercorarius longicaudus;FALSE;non;oui;Stercorarius longicaudus Vieillot;FALSE
STEMAX;STEMAX;Sternidés;Sternidés;Sterne royale;Sterna maxima;FALSE;non;oui;Sterna maxima;FALSE
STEPAR;STEPAR;Charadriiformes;Sternidés;Sterne arctique;Sterna paradisaea;FALSE;non;oui;Sterna paradisaea Pontropp;FALSE
STEPOM;STEPOM;Charadriiformes;Stercorariidés;Labbe pomarin;Stercorarius pomarinus;FALSE;non;oui;Stercorarius pomarinus;FALSE
STESAN;STESAN;Charadriiformes;Sternidés;Sterne caugek;Sterna sandvicensis;FALSE;non;oui;Sterna sandvicensis Latham;FALSE
STESKU;STESKU;Charadriiformes;Stercorariidés;Grand Labbe;Stercorarius skua;FALSE;non;oui;Stercorarius skua;FALSE
STRALU;STRALU;Strigiformes;Strigidés;Chouette hulotte;Strix aluco;FALSE;non;oui;Strix aluco;FALSE
STRDEC;STRDEC;Columbiformes;Columbidés;Tourterelle turque;Streptopelia decaocto;TRUE;milieux batis;oui;Streptopelia decaocto;TRUE
STRNEB;STRNEB;Strigiformes;Strigidés;Chouette lapone;Strix nebulosa;FALSE;non;oui;Strix nebulosa;FALSE
STRORI;STRORI;Columbiformes;Columbidés;Tourterelle orientale;Streptopelia orientalis;FALSE;non;oui;Streptopelia orientalis;FALSE
STRROS;STRROS;Columbiformes;Columbidae;Tourterelle rieuse;Streptopelia roseogrisea;FALSE;non;oui;Streptopelia roseogrisea;FALSE
STRSEN;STRSEN;Columbiformes;Columbidés;Tourterelle maillée;Streptopelia senegalensis;FALSE;non;oui;Streptopelia senegalensis;FALSE
STRTUR;STRTUR;Columbiformes;Columbidés;Tourterelle des bois;Streptopelia turtur;FALSE;non;oui;Streptopelia turtur;TRUE
STRURA;STRURA;Strigiformes;Strigidés;Chouette de l'Oural;Strix uralensis;FALSE;non;oui;Strix uralensis;FALSE
STUROS;STUROS;Passériformes;Sturnidés;étourneau roselin;Sturnus roseus;FALSE;non;oui;Sturnus roseus;FALSE
STUUNI;STUUNI;Passériformes;Sturnidés;étourneau unicolore;Sturnus unicolor;FALSE;non;oui;Sturnus unicolor Temminck;FALSE
STUVUL;STUVUL;Passériformes;Sturnidés;étourneau sansonnet;Sturnus vulgaris;FALSE;non;oui;Sturnus vulgaris;TRUE
SULBAS;SULBAS;Pélécaniformes;Sulidés;Fou de Bassan;Sula bassana;FALSE;non;oui;Sula bassana;FALSE
SURULU;SURULU;Strigiformes;Strigidés;Chouette épervière;Surnia ulula;FALSE;non;oui;Surnia ulula;FALSE
SYLATR;SYLATR;Passériformes;Sylvidés;Fauvette à  tête noire;Sylvia atricapilla;TRUE;generaliste;oui;Sylvia atricapilla;TRUE
SYLBOR;SYLBOR;Passériformes;Sylvidés;Fauvette des jardins;Sylvia borin;FALSE;non;oui;Sylvia borin;TRUE
SYLCAN;SYLCAN;Passériformes;Sylvidés;Fauvette passerinette;Sylvia cantillans;FALSE;non;oui;Sylvia cantillans;TRUE
SYLCOM;SYLCOM;Passériformes;Sylvidés;Fauvette grisette;Sylvia communis;TRUE;milieux agricoles;oui;Sylvia communis Latham;TRUE
SYLCON;SYLCON;Passériformes;Sylvidés;Fauvette à  lunettes;Sylvia conspicillata;FALSE;non;oui;Sylvia conspicillata Temminck;FALSE
SYLCUR;SYLCUR;Passériformes;Sylvidés;Fauvette babillarde;Sylvia curruca;FALSE;non;oui;Sylvia curruca;TRUE
SYLHOR;SYLHOR;Passériformes;Sylvidés;Fauvette orphée;Sylvia hortensis;FALSE;non;oui;Sylvia hortensis;TRUE
SYLMEL;SYLMEL;Passériformes;Sylvidés;Fauvette mélanocéphale;Sylvia melanocephala;TRUE;milieux forestiers;oui;Sylvia melanocephala;TRUE
SYLNIS;SYLNIS;Passériformes;Sylvidés;Fauvette épervière;Sylvia nisoria;FALSE;non;oui;Sylvia nisoria;FALSE
SYLRUE;SYLRUE;Passériformes;Sylvidés;Fauvette de Rüppell;Sylvia rueppelli;FALSE;non;oui;Sylvia rueppelli;FALSE
SYLSAR;SYLSAR;Passériformes;Sylvidés;Fauvette sarde;Sylvia sarda;FALSE;non;oui;Sylvia sarda Temminck;FALSE
SYLUND;SYLUND;Passériformes;Sylvidés;Fauvette pitchou;Sylvia undata;FALSE;non;oui;Sylvia undata;TRUE
SYRPAR;SYRPAR;Ptéroclididés;Ptéroclididés;Syrrhapte paradoxal;Syrrhaptes paradoxus;FALSE;non;oui;Syrrhaptes paradoxus;FALSE
SYRREE;SYRREE;Galliformes;Phasianidés;Faisan vénéré;Syrmaticus reevesii;FALSE;non;oui;Syrmaticus reevesii;FALSE
TACRUF;TACRUF;Podicipédiformes;Podicipédidés;Grèbe castagneux;Tachybaptus ruficollis;FALSE;non;oui;Tachybaptus ruficollis;TRUE
TADFER;TADFER;Ansériformes;Anatidés;Tadorne casarca;Tadorna ferruginea;FALSE;non;oui;Tadorna ferruginea;FALSE
TADTAD;TADTAD;Ansériformes;Anatidés;Tadorne de Belon;Tadorna tadorna;FALSE;non;oui;Tadorna tadorna;TRUE
TARCYA;TARCYA;Passériformes;Turdidés;Robin à  flancs roux;Tarsiger cyanurus;FALSE;non;oui;Tarsiger cyanurus;FALSE
TETRAX;TETRAX;Gruiformes;Otididés;Outarde canepetière;Tetrax tetrax;FALSE;non;oui;Tetrax tetrax;TRUE
TETRIX;TETRIX;Galliformes;Tétraonidés;Tétras lyre;Tetrao tetrix;FALSE;non;oui;Tetrao tetrix;TRUE
TETURO;TETURO;Galliformes;Tétraonidés;Grand Tétras;Tetrao urogallus;FALSE;non;oui;Tetrao urogallus;FALSE
THRAET;THRAET;Ciconiiformes;Threskiornithidés;Ibis sacré;Threskiornis aethiopicus;FALSE;non;oui;Threskiornis aethiopicus;TRUE
TICMUR;TICMUR;Passériformes;Tichodronidés;Tichodrome échelette;Tichodroma muraria;FALSE;non;oui;Tichodroma muraria;FALSE
TORTRA;TORTRA;Accipitriformes;Accipitridés;Vautour oricou;Torgos tracheliotus;FALSE;non;oui;Torgos tracheliotus;FALSE
TRICIN;TRICIN;Charadriiformes;Scolopacidés;Chevalier bargette;Tringa cinerea;FALSE;non;oui;Tringa cinerea;FALSE
TRIERY;TRIERY;Charadriiformes;Scolopacidés;Chevalier arlequin;Tringa erythropus;FALSE;non;oui;Tringa erythropus;FALSE
TRIFLA;TRIFLA;Charadriiformes;Scolopacidés;Chevalier à  pattes jaunes;Tringa flavipes;FALSE;non;oui;Tringa flavipes;FALSE
TRIGLA;TRIGLA;Charadriiformes;Scolopacidés;Chevalier sylvain;Tringa glareola;FALSE;non;oui;Tringa glareola;FALSE
TRIMEL;TRIMEL;Charadriiformes;Scolopacidés;Chevalier criard;Tringa melanoleuca;FALSE;non;oui;Tringa melanoleuca;FALSE
TRINEB;TRINEB;Charadriiformes;Scolopacidés;Chevalier aboyeur;Tringa nebularia;FALSE;non;oui;Tringa nebularia;FALSE
TRIOCH;TRIOCH;Charadriiformes;Scolopacidés;Chevalier culblanc;Tringa ochropus;FALSE;non;oui;Tringa ochropus;FALSE
TRISOL;TRISOL;Charadriiformes;Scolopacidés;Chevalier solitaire;Tringa solitaria;FALSE;non;oui;Tringa solitaria Wilson;FALSE
TRISTA;TRISTA;Charadriiformes;Scolopacidés;Chevalier stagnatile;Tringa stagnatilis;FALSE;non;oui;Tringa stagnatilis;FALSE
TRITOT;TRITOT;Charadriiformes;Scolopacidés;Chevalier gambette;Tringa totanus;FALSE;non;oui;Tringa totanus;TRUE
TROTRO;TROTRO;Passériformes;Troglodytidés;Troglodyte mignon;Troglodytes troglodytes;TRUE;milieux forestiers;oui;Troglodytes troglodytes;TRUE
TRYSUB;TRYSUB;Charadriiformes;Scolopacidés;Bécasseau rousset;Tryngites subruficollis;FALSE;non;oui;Tryngites subruficollis;FALSE
TURDUS;TURDUS;Passériformes;Turdidés;Turdidé;Turdus ;FALSE;non;non;Turdus;FALSE
TURILI;TURILI;Passériformes;Turdidés;Grive mauvis;Turdus iliacus;FALSE;non;oui;Turdus iliacus;FALSE
TURMER;TURMER;Passériformes;Turdidés;Merle noir;Turdus merula;TRUE;generaliste;oui;Turdus merula;TRUE
TURNAU;TURNAU;Passériformes;Turdidés;Grive de Naumann;Turdus naumanni;FALSE;non;oui;Turdus naumanni Temminck;FALSE
TUROBS;TUROBS;Passériformes;Turdidés;Grive obscure;Turdus obscurus;FALSE;non;oui;Turdus obscurus Gmelin;FALSE
TURPHI;TURPHI;Passériformes;Turdidés;Grive musicienne;Turdus philomelos;TRUE;milieux forestiers;oui;Turdus philomelos Brehm;TRUE
TURPIL;TURPIL;Passériformes;Turdidés;Grive litorne;Turdus pilaris;FALSE;non;oui;Turdus pilaris;TRUE
TURRUF;TURRUF;Passériformes;Turdidés;Grive à  gorge noire ou rousse;Turdus ruficollis;FALSE;non;oui;Turdus ruficollis Pallas;FALSE
TURSYL;TURSYL;Galliformes;Turnicidés;Turnix d'Andalousie;Turnix sylvatica;FALSE;non;oui;Turnix sylvatica;FALSE
TURTOR;TURTOR;Passériformes;Turdidés;Merle à  plastron;Turdus torquatus;FALSE;non;oui;Turdus torquatus;TRUE
TURVIS;TURVIS;Passériformes;Turdidés;Grive draine;Turdus viscivorus;TRUE;milieux forestiers;oui;Turdus viscivorus;TRUE
TYTALB;TYTALB;Strigiformes;Tytonidés;Effraie des clochers;Tyto alba;FALSE;non;oui;Tyto alba;FALSE
UPUEPO;UPUEPO;Coraciiformes;Upupidés;Huppe fasciée;Upupa epops;TRUE;milieux agricoles;oui;Upupa epops;TRUE
URIAAL;URIAAL;Charadriiformes;Alcidés;Guillemot de Troïl;Uria aalge;FALSE;non;oui;Uria aalge;FALSE
URILOM;URILOM;Charadriiformes;Alcidés;Guillemot de Brünnich;Uria lomvia;FALSE;non;oui;Uria lomvia;FALSE
VANVAN;VANVAN;Charadriiformes;Charadriidés;Vanneau huppé;Vanellus vanellus;TRUE;milieux agricoles;oui;Vanellus vanellus;TRUE
VIROLI;VIROLI;Passériformes;Viréonidés;Viréo à  oeil rouge;Vireo olivaceus;FALSE;non;oui;Vireo olivaceus;FALSE
XENCIN;XENCIN;Charadriiformes;Scolopacidés;Bargette du Térek;Xenus cinereus;FALSE;non;oui;Xenus cinereus;FALSE
ZOODAU;ZOODAU;Passériformes;Turdidés;Grive dorée;Zoothera dauma;FALSE;non;oui;Zoothera dauma;FALSE
ZOOSIB;ZOOSIB;Passériformes;Turdidés;Grive de Sibérie;Zoothera sibirica;FALSE;non;oui;Zoothera sibirica;FALSE

